title,category
 주식 초고수는 지금  윤석열 테마  대원전선  소형 원자로 기대  한전산업 사들여,Economic
발표  년 됐는데 잠자는 법안 재건축  년 의무거주 어찌되나,Economic
 증시이슈  팬오션    상승 BDI 반등 따라 주가 강세,Economic
 속보  이베이코리아 인수 우선협상대상자  신세계 네이버  선정,Economic
 현장연결  중대본  백신  차 접종 누적      만     명       ,Economic
 속보  정용진  이베이 품었다   신세계그룹  이커머스  위로 점프,Economic
택배 사  분류인력 추석까지 최대     명 투입 탄력근로 적용  가닥,Economic
  비트코인 채굴 막자 풍선효과 전기료 싼   텍사스 부상,Economic
중기중앙회  구직자도 최저임금 인상 반대   근로시간 단축 등 우려 ,Economic
   대책 분양권 기준일  이달 말로 늦춰질듯  월 월 국회 통과일,Economic
우주산업계서 주목받는 선박 안테나  위 업체 인텔리안테크,Economic
파세코  폴더블 써큘레이터   무더위 카운트다운에 판매수량      증가,Economic
LG생활건강  백신 접종 확대 기대감에   대 상승,Economic
 BTS가 Break The Stress   막나가는   동남아 짝퉁 마케팅,Economic
   헤지펀드들 향후  년간 가상화폐 비중 확대 ,Economic
우정본부  우체국택배  민간택배보다 적게 일하고 더 번다 ,Economic
크래프톤 IPO  기업가치   조  최대  조 끌어온다,Economic
종로구    인 가구 직주근접 아파트  신설동역 에비뉴 청계    본격 분양,Economic
한투증권  사모펀드  원금       파격 배상 금감원 중징계 피할까,Economic
  민간재개발 규제 완화에 공공재개발  인센티브 확대 필요 ,Economic
    주택공급대책  개 법안 국토위 소위 통과,Economic
 누구 벨소리가 클까   통신 라이벌  몸값 경쟁,Economic
쿠캣     억원 규모 투자 유치하며 글로벌 확장 나선다,Economic
용진이형  새벽 취중 인스타그램     L 와인 과용해서 미안하다 ,Economic
애견미용실에 CCTV 의무화 댕댕이 미용 스트레스 고민 덜어,Economic
순이자마진 개선 예고된 은행권 배당성향     약속,Economic
케이엠제약   이마트    에 치약 공급,Economic
코스피     선도 돌파 코스닥은 다시 천스닥,Economic
 광주 붕괴사고 재발방지  철거공사장에 상주 감리원 배치,Economic
 적금 하나로 모든 우대금리 적용  신한은행  연       알 쏠 적금  출시,Economic
코인의 역습 한밤  기습 상장폐지  행렬에 투자자 대혼란,Economic
문 대통령 환대 스페인 국왕 롤스로이스 기마대 의전 황금열쇠 선물도,Economic
미국 점포 매출 비례 임대료  자영업 새 표준 되나,Economic
모더나 접종의 시간 삼성바이오도  생산 최대한 당긴다 ,Economic
 속보 신세계 네이버 연합군  이베이코리아 인수한다,Economic
 활용도 만렙  KB증권 금융투자쿠폰  인기몰이 ,Economic
포시에스  주당     주 배정 무상증자 결정,Economic
   트럭계의 우버  풀 트럭 얼라이언스 뉴욕 상장 초읽기,Economic
 개발되면 돈 벌 수 있다   아파트보다 거래 많아진 빌라시장 불안,Economic
공공개발지  월 일 전 분양한 빌라도 분양권 준다,Economic
직방  기술 앞세워 부동산 중개 진출  골목상권 밥그릇 뺏기  논란,Economic
지역 따라 부동산 가치 천차만별  아파트값 대장주는 어디 ,Economic
방문규 수은 행장 첫 해외  금융수장들 해외경영 재가동,Economic
  인 미만 사업장 주  시간제 계도기간 연장없다  현장 안착 지원 ,Economic
 단독      가구 고덕 단지 적정성검토 탈락 여전히 까다로운 안전진단기준 논란,Economic
한경연  한국  미국 중심 경제블록에 적극 참여해야 ,Economic
은행원 사라진다지만 점포당 인력은  년째      년래최대,Economic
온라인 홈쇼핑 라방 배달앱까지 가세 대한민국 동행세일   일 개최,Economic
  일부터  대한민국 동행세일  어디서 어떻게 하나,Economic
온라인 할인 대폭 늘린  대한민국 동행세일    일부터,Economic
한투증권  라임 옵티머스 외에도 판매책임  개 펀드      보상 종합 ,Economic
아파트는 못 사니 빌라라도 거래량   개월째 우위,Economic
국토부  위험한 해체공사 현장  상주 감리 배치   광주 사고 재발 방지,Economic
 취임  주년 기자간담회  김영식 회계사회장   정도감사 는 양보할 수 없는 원칙 ,Economic
 월부터 주  시간제 전면 시행  추가 계도기간 없다 ,Economic
 특금법 사각지대  섬나라 몰타로 간 코인 P P 거래소  잡코인  몰리나,Economic
LG디스플레이  투명 OLED로 모빌리티 시장 공략 속도낸다,Economic
모바일 알뜰교통카드  월부터 전국 사용,Economic
모바일 알뜰교통카드   월부터 전국에서 사용 가능,Economic
코인빗  한밤중 잡코인 기습 정리 투자자 피해 우려,Economic
비대면 친환경  양날개  단 한국 수출 하반기엔 둔화 예상,Economic
한경연   중심 경제블록 불가피  의존도 줄여야 ,Economic
절박한    읍소에도   인 미만 사업장  주  시간제  강행,Economic
     대책   개 후속법안  국토위 소위 통과 공공직접시행만 빠져,Economic
정용진  와인 핥아 마셨음  새벽 취중 SNS 삭제,Economic
 MZ세대 마음에 쏙   KB증권  금융투자상품쿠폰 두달새    억원 판매,Economic
도심 공공주택복합사업  이달 말까지 이전 등기하면 분양권 준다,Economic
고공행진 집값에 비용 절감해주는  무상 옵션  아파텔이 뜬다,Economic
한국은 명함도 못내민다  전 세계 집값 거품  위는 뉴질랜드,Economic
 스톡톡스  코스피     은 넘는다 리오프닝 종목에 주목 ,Economic
알리바바  마윈과  선 긋기  나서    개인과 회사 분리해서 봐야 ,Economic
신한은행  최고     금리  알 쏠 적금  출시,Economic
    넘어서도 새 사업 진출 미래 위해 세화여중 고 설립 ,Economic
에스에너지  역대 최대 규모 태양광발전소 O M 수주,Economic
    일 뒤에 자연으로 돌아가요 ,Economic
LGD  철도용 투명 OLED  패널 공개  모빌리티 공략 가속 ,Economic
KB   온라인 주식상품권    억 판매      세대가     ,Economic
코오롱인더  현대차 신형 넥쏘 등에 수분제어장치 공급,Economic
 루이지애나 법원  바이든 행정명령에 제동  석유 채굴 금지 권한 없어 ,Economic
코오롱FnC  외부인사 잇따라 영입 남성복 골프 브랜드 강화,Economic
이임용 태광그룹 창업주 탄생    주년  산업보국  신념 되새긴다,Economic
 단독 이스타항공 인수 나선 성정  투자 유치 논의  끝까지 간다 ,Economic
KB부동산신탁  당진  포레스티안  최고    대 로 청약마감,Economic
건축물 해체공사 감리원 배치기준 차등화 착공신고제 도입,Economic
미국산  프라임  소고기 매출  쑥  롯데마트  반값 행사,Economic
 뉴스포커스  최근 한달간 일평균    명대 확진자 감소세,Economic
인적분할에 기관은 SK  외국인은 SK텔레콤 택했다,Economic
날아오른 금계란 값 계속 고공행진,Economic
코스피 장중 사상 최고치 경신     선 돌파,Economic
정일문 한국투자증권 사장의 용단  부실 사모펀드 원금      보상 ,Economic
전세계 부동산가격 버블  위는 뉴질랜드   한국은 몇위,Economic
김영식 회계사회장  정도     감사는 양보할 수 없는 원칙 ,Economic
K증류주의 위용 코로나 타격 속  진로 는 굳건히  세계  위 ,Economic
가상화폐에 투자하는  가지 공식  핫이슈 ,Economic
정일문 한국  사장  판매사 책임소재 사모펀드      선보상 ,Economic
 광주 재개발 참사  이면계약 지분쪼개기 있었나  경찰  HDC현산 압수수색,Economic
한국투자증권  부실 사모펀드      보상 ,Economic
최대 번화가 내 검증된 입지   부평 지웰 에스테이트  상업시설 분양,Economic
하반기  빨간 날  나흘 돌려준다  대체휴일 하루 경제효과  조 ,Economic
코스피의 첫     P         최고가 경신,Economic
하반기  빨간 날  나흘 돌려준다  대체휴일 하루 경제효과  조 ,Economic
코스피의 첫     P         최고가 경신,Economic
한두희 한화생명 전무  한화자산운용 신임 대표로 내정,Economic
신한은행  적금상품 통합한  신한 알 쏠 적금  출시,Economic
 인구    가 치킨 샌드위치 주문    닭고기 가격 폭등,Economic
미래에셋  경쟁력 있는 펀드만 판매  수탁사도 검증 강화 ,Economic
코오롱인더  현대 수소차 넥쏘 등에 수분제어 핵심부품 공급,Economic
SK바이오팜  뇌전증 신약 유럽 시장 진출,Economic
 시티오씨엘  단지    일  순위 청약 시작  프리미엄 기대감 높은 이유,Economic
정일문 한국투자  사장  팝펀딩 등 사모펀드 피해자      보상 ,Economic
씨티은행 희망퇴직 예고 인수자 고임금 부담 덜까,Economic
미래산업  광림으로 최대주주 변경 소식에    대 ,Economic
코로나 다시 확산   카드업계 호캉스 언택트 마케팅,Economic
원격의료 규제완화 검토 김 총리  과도한 규제 없앨 것 ,Economic
전북 대표 건설사  제일건설  오랜만에 익산시 황등면에 신규 분양 나선다,Economic
 주가 상승  우리금융지주   완전 민영화  속도 붙나,Economic
현대건설  입주민 대상 제주도 여행 테마 서비스 개발,Economic
 최대     만원  크래프톤 공모가 산정방식은   IP 가치에 방점 ,Economic
 제  광주 참사 막자  위험한 해체공사  붙박이 관리 감독 ,Economic
HMM   만    TEU급  호선  HMM 다온호  명명식,Economic
서울 아파트 사려면 얼마나  평균적으로 벌고 쓰면   년 걸려,Economic
포스트코로나 테라스하우스가 뜬다  죽전 테라스      잔여세대 선착순 분양 중,Economic
실형에 도주한 두산가  세 박중원 검거 인천구치소 수감,Economic
 온리원 Only One   등만이 살아남는다  글로벌 정밀화학소재기업  주 금양,Economic
현대건설  업계 최초 입주민 대상 제주도 여행 테마 서비스 개발,Economic
금융복합기업집단법 시행 앞두고 금융그룹 내부거래      육박,Economic
메디콕스    일 벌점 전량 해소  거래안정성 확보  조선 수주 대응 집중 ,Economic
가상자산 거래소 코인빗  한밤중 코인 상폐 유의종목 지정,Economic
코스닥  약  개월만에 장중     선 돌파,Economic
한투증권  판매책임 사모펀드 원금      보상     약    억 추가 지급,Economic
원자재 가격은 주춤한데 국제유가만 상승세    달러 가나  인더머니 ,Economic
코오롱  수소차 핵심부품 현대차에 공급 신형 넥쏘에 탑재,Economic
갈수록 첩첩산중 셈법 복잡해지는 씨티은행 철수 ,Economic
 강남 잡으려다 강북 집값 올랐다  조합원 양도제한 후폭풍,Economic
뱅크샐러드 앱에서  코로나 백신보험  무료 가입,Economic
 김희준의 교통돋보기  민간사업자  택배파업  개월간  차례  해도 너무해 ,Economic
현대엔지니어링  원자력 활용한 그린수소 생산 기술개발 MOU,Economic
주춤한    대책  서울 아파트 거래  개월만에 증가,Economic
LG디스플레이  철도용 투명 OLED 시장 공략,Economic
 전기차 다음은 자율주행 로봇  정의선 회장   합작사 방문,Economic
인도 델타 변이 코로나    전방위 마찰   증시  하반기 이후 최대 복병되나   한상춘의 지금세계는 ,Economic
신한   거래실적 우대금리 모두 적용  알 쏠 적금  출시,Economic
미래소득 반영 주담대  근로소득만 인정 자영업자는 소득인정 자료 확대,Economic
나이벡       바이오 USA 참가   기술 수출 기대감 높아 ,Economic
정의선    출장길  자율주행 로봇기술  점검,Economic
 수소차 핵심부품 공급    주 신고가 경신,Economic
 삼성생명 중징계  심사 하반기로 미뤄질 듯,Economic
JTC     억원 규모 사모 전환사채 발행 결정,Economic
 바이든 대통령   중국 군산복합체 투자금지 행정명령  서명,Economic
  대사  후쿠시마 원전 오염수  과학 문제로 취급해야 ,Economic
다방   갑론을방  강남출퇴근러 편   일 유튜브서 공개,Economic
 미친 집값  백약이 무효  올들어 수도권 아파트 실거래가     폭등 역대 최대  부동산    ,Economic
존림 삼성바이오로직스 대표  CMO 넘어 엔드 투 엔드 솔루션 기업 될 것 ,Economic
광주은행  상생 적금 출시 목돈 마련 지역경제 활성화,Economic
  분기 실적 라면업계 빅   곡물가격 상승에 순이익 ,Economic
기차 창문이 TV로 LGD 철도용 투명 OLED 공개,Economic
코오롱인더  현대차 신형 넥쏘에  수소차 핵심부품  공급,Economic
CJ 신세계가 동시에 투자 쿠캣     억 투자유치,Economic
위메프  쯔양 등 인기유튜버 손잡고 소상공인 판매 지원,Economic
파리바게뜨  이번에는 무안 양파빵 시리즈 선보인다,Economic
 이슈앤 직설  당정  정책 불협화음  차 추경 종부세 향방은 ,Economic
 우리동네도 GTX 지나가게 해주세요   집값 급등 속 지자체 요구  봇물 ,Economic
시흥 강남홍보관 오픈한  시화MTV 웨이브엠  랜드마크로 기대감 높아,Economic
 파워인터뷰 정진욱  유학시절  연봉  배  회계학 전공 유혹 뿌리치고   여년 경제학 외길,Economic
 속보 코로나 신규 확진    명 산발적 집단감염 지속,Economic
HMM   만 천TEU급 컨테이너선  HMM 다온호   번째로 인수,Economic
 만    TEU급  호선  HMM 다온호  유럽노선 투입,Economic
 스톡톡스   기업 호실적 긴축발작 가능성 낮아 ,Economic
수도권 비규제에  호선 연장까지  포천 금호어울림 센트럴  분양,Economic
양도세 중과 피하려 서울 아파트 매매 지난달 증가,Economic
젠큐릭스  코로나 바이러스 신속분자진단 특허  PCR급 현장 진단 가능 ,Economic
기아  우버와 손잡고 유럽 전기차 시장 공략,Economic
한국투자증권  라임 등 부실 사모펀드 전액 보상 결정,Economic
고성능  더 뉴 아우디 S  TFSI  출시     만원,Economic
 스톡톡스  고점돌파 의미 두기 어려워 하반기 변동성 장세 ,Economic
HMM   만    TEU  호선 HMM 다온 호 명명식 개최,Economic
신한카드  데이터 플래그십에 금융사 단독 선정,Economic
WSJ  ESG에 돈 쏟아붓는 기업 느는데 수익성은  의문  ,Economic
 같은 면적도 갱신은    억  신규는   억  임대차법이 낳은  이중전세가격  진풍경  부동산    ,Economic
강남 접근성    사통팔달 교통망 자랑하는  현대 테라타워구리갈매  각광,Economic
 년간 방치됐던  에르가  차  새 주인 찾았다,Economic
LG전자  멕시코에 올레드 TV 전용 상영관 열었다,Economic
신일  올해는  차박 도 시원하게 즐겨요 ,Economic
 부평역 해링턴 플레이스  오피스텔 최고경쟁률     대   마감,Economic
현대차그룹 자율주행 로봇 개발 속도 정의선  미국서 미래기술 직접 점검,Economic
알리바바 마윈과  선긋기   마윈과 회사 분리해서 봐야 ,Economic
 배틀그라운드  제작사 크래프톤 상장 본격화 역대 최대 규모,Economic
진에어   월 무착륙 관광비행  회 운영,Economic
크래프톤  증권신고서 제출  월 상장 본격화,Economic
 노조 행동 동료 가족도 불편  홈플러스 비노조원들  임단협 지연  뿔났다 ,Economic
먹는 단백질 시장  근육처럼 쑥쑥 큰다,Economic
 단백질 무작정 먹지 말고  류신 등  개 필수 아미노산 함유 따져야 ,Economic
 파워인터뷰 정진욱  소주성 최저임금 종부세  정부 경제정책은 이념의 노예 ,Economic
중간배당 첫 총대 멘 하나금융 얼마나 풀까  촉각 ,Economic
송영길  SMR로 북한 에너지 공급 가능성  원전  강세,Economic
한국씨티은행  희망퇴직  년만에 실시할지 주목,Economic
 주식리딩방 피해  웹툰으로 예방  거래소  웹툰 제작 배포,Economic
에몬스가구  프리미엄 패브릭 소파  하야트  홈쇼핑 런칭,Economic
HMM   만    TEU급  호선은  다온호    일 유럽항로 투입,Economic
SK바이오팜  세노바메이트  독일서 첫 발매  로열티 수익 증가 기대 ,Economic
HMM   만    TEU급  호선은  다온호    일 유럽항로 투입,Economic
SK바이오팜  세노바메이트  독일서 첫 발매  로열티 수익 증가 기대 ,Economic
한국투자증권  판매책임 사모펀드      보상  고객신뢰 우선 ,Economic
광주   연     에 우대금리 최고       상생적금  출시,Economic
소주 진로   년 연속 세계판매  위,Economic
코디엠 주주연합  경영참여 선언  법무법인과 자문계약 ,Economic
정의선 현대차 회장  신성장 대전환 드라이브   JV  모셔널  현장 점검,Economic
주거 오피스텔  트리니티   푸르지오 발라드   월 분양,Economic
 이번엔 양파빵   SPC 무안양파 상생 프로젝트,Economic
국내 최대 리모델링 단지  암사동 선사현대아파트   이달   일 리모델링 조합 창립총회 예정,Economic
알리바바 창업자 마윈이 그림그리기에 빠진 이유,Economic
LG디스플레이  투명 OLED로 모빌리티 시장 공략 가속,Economic
펀드매니저들  비트코인 아직도 거품 많다   인더머니 ,Economic
 속보   건물붕괴 참사  현대산업개발 용산본사 압수수색,Economic
 공화당 코로나 대처 일등공신  파우치 해고법  발의,Economic
HMM 초대형 컨테이너  HMM 다온호  명명식 개최,Economic
마산 충주 등 공급 가뭄 지역서 이달 분양  단비 ,Economic
백신 접종    일 만에     만명 돌파   월 집단면역 당겨지나 종합 ,Economic
한국투자증권  라임 옵티머스 외에도 판매책임  개 펀드      보상,Economic
크래프톤   월 상장 목표로 절차 본격화 증권신고서 제출,Economic
백신 이상반응 신고     건 이틀간 사망 신고   건,Economic
EU 첫 공동채권 발행 JP모건 BOA 등   주요 은행 참여 배제,Economic
씨티은행   년만에 희망퇴직 받을까  소비자금융 출구 전략은 ,Economic
삼성생명  오늘  즉시연금 소송    번째 변론  어떤 말 꺼낼까 ,Economic
 fn마켓워치 쿠캣     억 규모 시리즈D 투자 유치,Economic
 초만에 품절되고  티켓팅까지   흥행 보증수표  된 행운의 곰 언박싱 ,Economic
기준금리 동결했지만 금통위  하반기 인상  공감대,Economic
현대건설  업계 첫 입주민 대상  제주여행 테마서비스  개발,Economic
취업기회 뺏긴       불났다    양질의 일자리 많이 만들어야 ,Economic
모더나 백신 첫 국가출하승인 이번 주부터 접종,Economic
월가 전문가   명중  명꼴 BOA 설문에  물가 상승 일시적 ,Economic
 마켓브리핑  흥아해운 품는 장금상선  해운 운임 상승에 인수 부담  뚝 ,Economic
 코인뉴스  비트코인  채굴업체 텍사스행 호재 될까,Economic
재개발 투자는  지뢰밭  호구 안 되려면 꼭 보세요  집코노미TV ,Economic
도심 떠나 해변으로    부촌  대이동  인더머니 ,Economic
KB  주식상품권 판매    억 돌파  MZ세대  고객     넘어,Economic
한국투자증권  팝펀딩 등 판매 책임 사모펀드      보상,Economic
슈프리마  카카오톡 지갑QR 보안 솔루션 제공,Economic
사드 보복 미중 분쟁에   기업  서  비틀  스마트폰 자동차 경쟁력  ,Economic
티몬  전인천 장윤석 공동대표 체제로,Economic
 마켓인 쿠캣     억원 규모 시리즈D 투자 유치  글로벌 확장 ,Economic
세븐일레븐       생분해성  친환경 봉투  도입,Economic
 SKIET꼴 날라  크래프톤  외국계 배정물량     달해,Economic
진격의 코스피   개월만에 장중 사상 최고치  코스닥도 장중      돌파,Economic
롯데하이마트  동숲 에  하이메이드 섬  개장 메타버스 마케팅,Economic
신한   알차고 쏠쏠하게 목돈 만드는  알 쏠 적금  출시,Economic
 지배구조 SGC에너지     억으로 최대주주 오른 이우성 부사장 ,Economic
삼성 LG전자  내년 CES 전시회 오프라인으로 참가한다,Economic
정일문 한투증권 대표  사모펀드   개 상품      원금 보상 ,Economic
갤S  FE  출시 연기설  솔솔 반도체대란   이어 폰까지,Economic
르노삼성  부산 청년들에게  르노 조에  빌려드립니다 ,Economic
에이트원   서울 VR AR 엑스포       참가  메타버스 기술 소개 ,Economic
제천 커피전문점 앞 대기차로 조성 혼잡 해소,Economic
 자율주행  찍고  로봇  챙겨본 정의선  미래  혁신 속도 낸다,Economic
분당 지웰 푸르지오 상업시설   지웰 애비뉴  주목,Economic
위메프  소상공인 기획전 연다  유튜버 쯔양도 지원사격 ,Economic
 표곰이 가  콜라보 괴물  이 됐다  곰표  콜라보의 성공 키워드,Economic
 가잼비 로 두 마리 토끼 잡는 MZ세대의 소비법,Economic
철거건물 붕괴 참사  현대산업개발 본사 압수수색,Economic
포스코    년 정비기술 모은  POINT  오픈,Economic
철거건물 붕괴 참사  현대산업개발 본사 압수수색,Economic
포스코    년 정비기술 모은  POINT  오픈,Economic
  억병 팔린  진로     년 연속 세계 증류주 판매  위,Economic
너도나도 다 하는 ETF  도대체 뭐가 좋다는 거지 ,Economic
     년 동갑내기 고객님을 찾습니다  농협은행  SNS 이벤트,Economic
현대모비스  완성차 생산 중단 영향으로 생산라인 가동 중단,Economic
 LG 올레드 TV 전용 영화관  들어는 봤나 멕시코서   석 규모 상영관 오픈,Economic
LGD  투명 OLED로 모빌리티 디스플레이 시장 공략 가속,Economic
멕시코에 LG 올레드 TV 전용 극장 문 열었다,Economic
LG전자  멕시코에 올레드 TV 전용 상영관  살라올레드  오픈,Economic
 매각 추진  씨티은행 CEO  희망퇴직  첫 언급,Economic
가상화폐 거래소   잡코인  상폐 유의종목 지정 잇따라,Economic
올해 뜰 테크 부문은 어디   김재후의 실리콘밸리    ,Economic
 열차 창의 무한변신  LGD  철도용 투명 OLED 패널로 모빌리티 시장 공략,Economic
   대책 약발 다했나  지난달 서울 아파트 거래 다시 늘었다,Economic
LG디스플레이  투명 OLED로 모빌리티 공략 속도,Economic
LG전자  OLED로 멕시코 영화 애호가 시선 사로잡는다,Economic
존림 삼성바이오 대표  바이오 디지털       개회사 진행,Economic
 올레드TV 화질을 영화관에서  LG전자  멕시코에 전용 상영관,Economic
LG전자  멕시코에 OLED TV 전용 상영관 열었다,Economic
LG디스플레이   부산국제철도기술산업전 서 철도용 투명 OLED 패널 선보여,Economic
영화관에도 올레드 LG전자  멕시코에 전용관 조성,Economic
현대차  반도체 수급 문제로 생산 중단,Economic
삼척에 첫  위브  브랜드 두산건설  삼척 센트럴 두산위브 ,Economic
소상공인 디지털화 스타트업은 기술로  국회는 법으로 돕는다,Economic
매각 추진 씨티은행   년 만에 희망퇴직 받나 종합 ,Economic
명품백 대신 미술품 사는 밀레니얼 세대  그들을 겨냥한 주거 공간,Economic
 대사  후쿠시마 원전 오염수    영향 없어  종합 ,Economic
하이트진로  세계 증류주 판매  위 브랜드로 선정,Economic
SK바이오팜 뇌전증 신약  세노바메이트  유럽 시장 진출,Economic
GS      년 숙성 와인        한정 판매,Economic
코스피  외인 매수에     선 올라 한때 장중 사상 최고도 경신,Economic
럭셔리 주택을 위한  세가지  자격은,Economic
신규확진    명 백신 접종      만명 넘어서,Economic
 동물의숲에  하이메이드  섬이   롯데하이마트  메타버스 마케팅 나서,Economic
 중복청약 막차  크래프톤  희망공모가   만       만    원,Economic
국내 대기업   생산법인 매출   년새     급감   한한령  여파,Economic
키파운드리  어보브반도체에 차량용 전력반도체에 적합한  세대 플래시 메모리 내장형      micron BCD 공정 제공,Economic
위메프   쯔양 과 손잡고 소상공인 판매 지원,Economic
한솔홈데코  건축용 단열재 PF보드 출시,Economic
기아  우버와 전기차 협력 유럽 전기차 전환  속도 ,Economic
공모자금 역대 최대 크래프톤   월 코스피 상장 본격화,Economic
 핫스탁 지더블유바이텍 애니플러스 대구백화점,Economic
티몬  피키캐스트 품는다 장윤석 공동대표 선임,Economic
바이든  이스라엘 멕시코 등  개 지역 대사 발표,Economic
삼정KPMG  신임 파트너   명 선임,Economic
자비스  식품 엑스레이 검사장비 일본 수출,Economic
일도 휴식도 확실히 출퇴근 편리한 서울  아파텔 ,Economic
  사이트 박진석 도시공유플랫폼 대표  소상공인 상점 완전 무인화가 목표 ,Economic
롯데정밀화학  유록스 영상 광고  또     만 뷰 넘겼다 ,Economic
 텍사스가 비트코인 채굴업체 새 성지가 된 이유,Economic
 속보 개미가  천스닥  이끌었다 한달 만에 장중     선 돌파,Economic
 분류 인력 연말까지 투입  과로사 대책 타결 임박,Economic
현대로템   부산국제철도기술산업전 서  수소트램  공개,Economic
 코로나 높은 집값에 지친다  서울 뜨는     세대,Economic
아우디   고성능 세단  더 뉴 S  TFSI 오는   일부터 판매     만원,Economic
정의선  미국서 미래기술 직접 점검 자율주행 로봇 개발 속도,Economic
키파운드리  어보브반도체에 차량용 전력반도체에 적합한  세대 플래시 메모리 내장형      micron BCD 공정 제공,Economic
GS리테일    년 숙성 와인 딱    병만 팝니다 ,Economic
 잭팟  크래프톤  중복청약 막차 탔다 역대 최대    조 공모 상장 일정은,Economic
잇따른 교통 호재   GS건설  봉담자이 프라이드시티  관심 ,Economic
롯데마트  프라임 등급 소고기 최대     할인,Economic
현대로템  수소산업 방향성 제시        부산국제철도기술산업전 참가,Economic
 IPO 대어  크래프톤 증권신고서 제출 중복 청약 막차 탔다,Economic
삼정KPMG  신임 파트너   명 발표  ,Economic
이마트    배달 서비스 강화 자체 앱 네이버도 가능,Economic
너무 비싼 소고기  돼지고기 값 비싸도 잘 팔린다는데  왜   언박싱 ,Economic
 THINK ENGLISH  전기차 배터리 회사들이 원료 확보에 나서고 있다,Economic
SK바이오팜  세노바메이트  유럽 시장 출시,Economic
정일문 한국투자증권 사장  판매책임 사모펀드      보상 ,Economic
최고   대      진흥기업 효성중공업  부평역 해링턴 플레이스  오피스텔 청약 마감,Economic
 시총  위  카카오  거품일까 혁신일까,Economic
해외투자 열풍  미래에셋생명 변액보험 인기,Economic
정용진  와인  마지막엔 핥아 마셔  새벽 취중 SNS 삭제,Economic
대우조선해양  선박 사이버보안 기술 개발에 박차,Economic
 쯔양이 홍보  위메프 내년  월까지 소상공인 상품 기획전,Economic
 IPO 대어  크래프톤  증권신고서 제출  공모금액 최대    조,Economic
코로나   어제    명 신규확진 나흘 만에    명대,Economic
비트코인 국내      만원대 가격 등락,Economic
손실보상부터 추경까지  여야는 물론 정부도 입장 제각각인  월 국회,Economic
SK바이오팜 뇌전증치료제   유럽 교두보  독일 첫 판매,Economic
 속보 코로나   신규 확진    명 나흘만에    명대,Economic
한국필립모리스  전 직원 최대  일간 백신 휴가 도입,Economic
정의선 회장  자율주행 로봇 시너지 키운다,Economic
코스피 장중         다섯달 만에 사상 최고치 경신했다,Economic
치솟는 유가  FOMC 중요변수 가능성    파월의 걱정거리 ,Economic
크래프톤 공모주 신기록들 예고 공모가     만     만원 종합 ,Economic
오뚜기와 함께 설 청년  누구 상반기 공채,Economic
SPC그룹  이번엔 전남 무안 양파 ,Economic
한국제약바이오협회  국산 코로나   백신 치료제 개발 위한 지원 촉구,Economic
 친절한 경제  폭염 예고   경기 회복 전기 요금 인상되나,Economic
   년 숙성 호주 유명 와인  GS리테일    주년 맞아        한정판매,Economic
  내 국내 대기업 매출  년 새     급감  한한령 굴기  직격탄,Economic
부산 산업 클러스터 중심 자리한  펜타플렉스 부산  지식산업센터 이목 집중 부산 대개조사업 수혜 예고돼,Economic
 fn마켓워치 소시어스 웰투시  블록딜로 HSD엔진 투자금 회수,Economic
 CJ 신세계  CVC가 동시 주목 쿠캣     억 투자유치,Economic
국제유가 상승에 LPG 정유  장초반 강세 S Oil 신고가,Economic
삼성증권  MZ세대 잡는다 간편투자앱  오투 O    출시,Economic
다방   갑론을방  강남출퇴근러 편   일 유튜브서 공개,Economic
제바협  코로나   등 자국 백신 치료제 확보는 제약주권 핵심 ,Economic
 핫이슈 키워드  이준석 안철수 문 대통령 방일  위안부 피해자 승소 택배 노조 상경 투쟁 오르는 전기요금,Economic
신일전자  캠핑용 무선 선풍기  캠핑팬  출시,Economic
정의선 회장    자율주행 로봇 사업 점검 아이오닉   로보택시 나온다,Economic
강남언니  가짜 시술후기 쓰는 병원에 패널티    회 경고 퇴점 ,Economic
폭염에 산업생산 증가  올 여름 전력대란  빨간불  내달  일 대책 발표,Economic
크래프톤  코스피  월 상장 공모가 최대   만 천 원,Economic
한국투자증권  판매책임 사모펀드      보상한다,Economic
비트코인 보유  위업체 마이크로스트레티지  암호화폐 특성 저마다 달라   미래전망 밝다 ,Economic
식약처  모더나 백신 첫 수입분 국가출하승인,Economic
존림 삼성바이오로직스 대표  진정한 엔드 투 엔드 솔루션 제공할 것 ,Economic
GS건설  봉담자이 프라이드시티 합리적인 분양가로 눈길,Economic
자비스  식품 엑스레이 검사장비 일본 수출,Economic
 대박 중복청약 마지막 기회     IPO대어  다음달 상장,Economic
 우리가 모르는 인도     인도의 가상화폐 열기  팬데믹이 만든 새로운 변화,Economic
데프콘   인간 편의점  되다   CU  웹 예능  쓔퍼맨  론칭,Economic
 단독  티몬   피키캐스트  운영업체 아트리즈 인수한다,Economic
 IT칼럼 아마존은 왜 온라인 약국 사업을 시작했을까 ,Economic
 기고 전례 없던 과학기술 분야와 젠더 이슈 발표,Economic
롯데건설   창원 롯데캐슬 센텀골드   월 분양 예정,Economic
 출근길 인터뷰  막걸리 빚기  국가무형문화재 지정 의미와 발전방안,Economic
   판매 화장품 절반 유독성 화학물질 함유 ,Economic
 미래 모빌리티 이끈다  정의선 현대차 회장   서 자율주행 점검,Economic
코스피  개월만에 장중 최고치 경신 종합 ,Economic
현대바이오  먹는 코로나 치료제 대량생산체계 구축,Economic
가치 소비 중심의 밀레니얼 세대    미학적 주거공간   아스티 논현  분양,Economic
렉서스  더욱 세련된 프리미엄 SUV   세대 NX  공개 PHEV 사양 추가,Economic
롯데월드타워     m 상공서 특별한 요가 클래스 즐기세요 ,Economic
 우정이야기       택배상자 에도 구멍  개,Economic
풍부한 배후수요 품은  봉덕 차 화성파크드림 단지 내 상가  주목,Economic
진로 JINRO   세계 증류주 판매  위 브랜드로 선정,Economic
환율   FOMC 대기 속 달러 강세   거래일째 강보합,Economic
우리금융  잠재리스크 선제 대응 위한 옴부즈맨 제도 시행,Economic
기아  우버 손잡고 유럽 시장 전기차 보급 확대,Economic
원 달러 환율    원 상승 출발 달러당        원,Economic
부산상의  에어부산 주식매매정지 조속히 해제해야 ,Economic
코스피   개월 만에 장중 최고치 경신     선 넘본다 종합 ,Economic
키파운드리  어보브반도체에 차량용 전력반도체에 적합한  세대 플래시 메모리 내장형      micron BCD 공정 제공,Economic
코로나 이후 대비  수익형 부동산 생활형숙박시설에 관심 쏠려,Economic
 시그널  IPO로  M A 큰 손 된 크래프톤   최소    조 실탄마련,Economic
외국인과 개인의 쌍끌이 매수 코스피   개월만에 장중 사상 최고치 경신,Economic
 시그널  IPO로  M A 큰 손 된 크래프톤   최소    조 실탄마련,Economic
외국인과 개인의 쌍끌이 매수 코스피   개월만에 장중 사상 최고치 경신,Economic
코스피   개월 만에 장중 사상 최고점 돌파,Economic
현대모비스 아산공장  현대차 아산공장과 함께 생산중단,Economic
 속보  개월 만에 천장 뚫은 코스피 한때     선 돌파,Economic
우리금융  옴부즈맨 제도  깨진 유리창을 찾아라  실시,Economic
SK바이오팜 뇌전증신약  세노바메이트  유럽 출시 독일 첫 발매,Economic
 배그 신화  크래프톤  증권신고서 제출 중복청약 막차 탔다,Economic
삼성전자   G THz 대역 통신 시연 성공  G 시장 한 걸음,Economic
정의선  미국서 핵심사업 챙긴다 자율주행회사  모셔널  방문,Economic
대우조선해양  선박 사이버보안 기술 개발 착수,Economic
카카오 시총  위 수성   네이버와  조원 차이,Economic
코스닥  보합권서 출발  월 FOMC 앞두고 경계심리 확산,Economic
롯데하이마트  업계 최초로  동물의 숲 에  하이메이드 섬  연다,Economic
현대차  지난해 중단했던  중간배당  올해 재개,Economic
상장폐지 도미노 우려    가상화폐 투자자 대혼란,Economic
 한국투자TDF알아서펀드  시리즈 설정액     억원 돌파,Economic
 보험금 환급 받아볼까   삼성화재  마일리지로 충성고객 잡는다,Economic
카카오뱅크  증권사  계좌 개설  서비스에 하나금융투자 추가,Economic
크래프톤  희망 공모가   만    원    역대 최대어  주목,Economic
부동산 가치  지역에 따라 차이 보여    반포동  래미안 원베일리  분양,Economic
삼성증권  간편투자앱  오투 O    출시  주요기능     한 화면에 ,Economic
경기도 공공배달앱 배달특급  인구   만  부천 에 출사표,Economic
코스피 장중      돌파  사상 최고치 경신,Economic
김 총리  내달부터 거리두기 개편 일상 큰 변화 가져올 것 ,Economic
식약처  모더나 코로나   백신 첫 수입분 국가출하승인,Economic
르노삼성 부산   부산청춘드림카사업   차 지원자 모집 EV 조에 제공,Economic
관악구 경전철  개 노선  GTX D 노선 연장까지  들썩  교통의 요충지로 부상할  더위일 관악 파크뷰  주목 ,Economic
길거리에서 편의점 상품을 판다  CU  소통형 웹예능   o퍼맨  론칭,Economic
대우조선해양  디에스랩컴퍼니와 사이버보안 기술 개발 협력,Economic
 시그널   오늘 뭐 먹지  쿠캣     억 원 시리즈D 투자 유치,Economic
SPC그룹  전남 무안군과 양파    톤 구매 협약,Economic
LG에너지솔루션  배터리 전문가 한 자리에    이노베이션 포럼  개최,Economic
매드포갈릭   월   일  피자데이  모든 피자     할인,Economic
헤지펀드들   년내 가상자산 편입비중   로   인더머니 ,Economic
유진   리오프닝 기대감 호텔신라 목표가      ,Economic
문 대통령 백신 외교  큐어백 대표에  아 태 생산거점    우선 고려  요청,Economic
맥쿼리  해양에너지 지분      인수 계약 체결,Economic
삼성전자   G 테라헤르츠 대역 무선 통신 시연 성공,Economic
  출장  정의선  자율주행 전문기업  모셔널  찾아,Economic
휴온스바이오파마  보툴리눔 톡신  리즈톡스    단위 품목허가,Economic
롯데건설   창원 롯데캐슬 센텀골드   월 견본주택 개관,Economic
교통 겹호재 품은 복층 주거형 오피스텔  북한산 엘스페이스  공급,Economic
 잡코인 거리두기  시작하는 거래소들 심야 상폐까지,Economic
악마는  페라리 를 입는다  패션 사업 진출한 고급 스포츠카 브랜드,Economic
나이벡   바이오 USA 서  K RAS 억제 항암 치료제  기술수출 기대,Economic
 속보  코스피   개월만에 장중 역대 최고치 경신,Economic
미래산업  최대주주 변경 소식에         주 신고가,Economic
하나금융  차세대 여성 리더 육성  하나 웨이브스   기 출범식,Economic
롯데정밀화학   유록스 영상광고  천만뷰 재달성,Economic
웰바이오텍  러 코로나   백신  코비박  국내 학술세미나 참석,Economic
배달앱  위 요기요 본입찰  주일 뒤로 연기,Economic
롤렉스도 온라인 구매 머스트잇  명품 시계 판매량     ,Economic
 속보  코스피   개월 만에 장중 사상 최고치 경신,Economic
SK바이오팜  세노바메이트  독일서 첫 발매,Economic
LG에너지솔루션    일 배터리 세미나  이노베이션 포럼  개최,Economic
수도권 부동산시장 뜨는 안양시 대규모 정비사업 줄 잇는다,Economic
기아  우버와 손잡고 유럽 내 전기차 보급  박차 ,Economic
김 총리  백신  차 접종     만명 넘어 고령층 확진자 급감  상보 ,Economic
  보  코스피  개월만에 장중 역대 최고치 경신,Economic
현대바이오  먹는 코로나 치료제 대량생산체제 확보,Economic
에스와이  SY폴리캠  준불연성적  획득  화재안전성 갖춰 ,Economic
   공산당 창당    주년 앞두고 역사미화 본격화,Economic
 사상 최고  코스피  장 초반 소폭 오른     선,Economic
비트코인 국내가격  천   만원대 등락,Economic
식약처  모더나 백신 국가출하승인  공급 본격화,Economic
삼성전자    연구진과  G 테라헤르츠 통신 시스템 시연 성공,Economic
 이유 달랐던 중고차 중고 의류 시장 성장 ,Economic
 fn마켓워치 기업구조혁신펀드 루키 숏리스트에 노틱 유일 퍼즐 휘트린씨앤디 멜론,Economic
식량 부족 가능성 언급한 북한  덕과 정으로 화목한 국풍 꽃 피워야 ,Economic
 시티오씨엘  단지    일  순위 청약 시작    프리미엄 기대감 높아,Economic
 깨진 유리창 찾아라   우리금융  전직원 동참 옴부즈맨 시행,Economic
존림 삼성바이오 대표  높은 품질로 모더나 위탁생산 인류의 삶 풍요롭게 할 것 ,Economic
농협은행  창립 동갑내기 찾기 이벤트 실시,Economic
하나금융  차세대 여성 리더 육성 프로그램  하나 웨이브스   기 출범,Economic
크래프톤 증권신고서 제출  중복청약 막차  탔다,Economic
크래프톤  희망 공모가   만       만    원에 결정    역대 최대어  될 듯,Economic
LG에너지솔루션  첫 배터리 세미나 연다 전지 석학  명 한자리,Economic
 위 거래소 코인빗  한밤중 기습  상폐 공지     투자자들  멘붕 ,Economic
하나금융  차세대 여성 리더 육성  하나 웨이브스   기 출범,Economic
 마켓인 원티드랩  코스닥 상장 예심 승인  하반기 상장 추진 ,Economic
식약처  홍삼제품 유통기한 바꿔 수출한 업체 등   곳 적발,Economic
삼성증권  편의성 강화 간편투자앱  오투  출시,Economic
 속보  코스피              p          원 달러 환율            원  개장,Economic
김부겸   월 새 거리두기 개편 방역과 일상 큰 변화 ,Economic
더본코리아   백종원의 다마스커스 중식도  한정 출시,Economic
파라다이스시티  다음달   일  씨메르 원더박스  재개장,Economic
 STOCK  호텔신라  따이공 쇼핑에 매출  UP     분기 흑자전환 기대 ,Economic
화성  향남역 한양수자인 디에스티지     일부터 정당 계약,Economic
서울 대표 산업단지에 지식산업센터의 새 바람이 분다 에이스건설   아티스포럼  분양,Economic
오픈형 발코니와 호텔식 컨시어지 서비스   제주 아이파크 스위트R  분양 시작,Economic
에스에너지  역대 최대규모   MW급   태양광발전소 O M 수주,Economic
규제적은 수익형 부동산 생활형 숙박시설에 수요자 관심,Economic
파라다이스시티  내달   일 씨메르 원더박스 재개장,Economic
현대차   카카오  밸류에이션 높지만 당분간 상승 목표가  ,Economic
한라  아산 한라비발디 스마트밸리  총    세대 대단지 아파트  월 분양 예정,Economic
정부 보완책에도  계도기간 늘리고 추가 대책 마련해야 ,Economic
 월부터   인 미만 기업도   시간 준비 상황은 ,Economic
모더나 코로나   백신 첫 국가출하승인  만 천회분,Economic
제철 농산물 수확 한창 농가는 인력난 등 삼중고,Economic
코로나  에도 식지 않은  커피 사랑  편의점표 커피도 인기,Economic
지난달  차 조합원 모집 돌입한  남양주 창현 금호어울림   조기 마감 예정,Economic
중대형 주거형 오피스텔  송파위례 아피체   월 중 분양  위례신도시 입지 프리미엄 예고,Economic
아파트 청약 수요 몰린  향남역 한양수자인 디에스티지   정당 계약   일부터,Economic
롯데온   그린 제로  기획전 친환경 상품 최대     할인,Economic
특허청    월부터 미국 상표권 관리 까다로워져 주의 요망 ,Economic
 한국투자TDF알아서펀드  시리즈 설정액     억원 돌파,Economic
창립   주년 GS리테일    년 숙성 와인           병 한정 판매,Economic
기아  유럽서 우버와 전기차 파트너십 구축   개국에 첨단 전기차 공급,Economic
세계에서 가장 많이 팔린 술은 ,Economic
청와대로 간 편의점 주류자판기 논란  또다른 범죄에 악용될 뿐 ,Economic
 STOCK  현대차  반도체 사태 영향  미미   분기 영업익      증가 전망,Economic
 국산 코로나 백신 치료제 개발 시급 정부 전폭 지원해야 ,Economic
현대로템  부산국제철도기술산업전서  수소트램  선보인다,Economic
배터리 석학 한자리에 LG에너지솔루션  이노베이션 포럼  개최,Economic
신규 확진    명대 예상 백신 접종      만명,Economic
이베이코리아 인수  이르면  오늘 결론  롯데 vs 신세계 승자는 ,Economic
롤렉스도 온라인으로 산다 코로나 사태 이후 급증,Economic
크래프톤  하반기 주식시장 온다 관련주  들썩 ,Economic
현대로템       부산국제철도기술산업전 참가  수소 중심 철도사업 그린다,Economic
 속보 김 총리  코로나   백신  차 접종자     만명 넘어서 ,Economic
양배추 가격 하락  가격안정관리제  발령,Economic
삼성 LG전자  내년 초 라스베이거스 간다 CES     참가 확정,Economic
  세대  주택  보유자   월 주택분 재산세 감면,Economic
KT  SKT보다 주가 상승 폭 더 클 듯  모든 면서 압도  하나금투,Economic
탄소포집 기술혁신 로드랩 발표     년까지 상용제품   개 목표,Economic
배민  시니어 사장님  온라인 홍보 어려워 마세요 ,Economic
삼성전자  테라헤르츠 대역 통신 성공  G 활용 가능성 검증 ,Economic
존림 삼바 대표  위탁생산 넘어 엔드 투 엔드 솔루션 기업될 것 ,Economic
 G  회의 TCFD 공시의무화 합의 ESG 표준화 속도 ,Economic
 여성 인재 키운다  하나금융  하나 웨이브스   기 출범식 개최,Economic
 최근 급등한 카카오   상승 여력     넘게 남았다 ,Economic
LG엔솔  배터리 세미나 개최   노벨상 수상자 등 국제 석학 대거 참여,Economic
뉴욕증시  FOMC 앞두고 일제히 하락 마감,Economic
 김박사 오늘 기업 사람  하이트진로 카카오 LG 현대백화점,Economic
하나금융투자  통신주  고른다면 KT 올해 안에  만원 간다 ,Economic
구직자들  상반기 입사지원 서류합격률     불과해,Economic
롯데마트  최상위 등급  프라임 소고기  반값 할인,Economic
기아  우버와 전기차 파트너십 유럽서  플랜 S  속도 낸다,Economic
현대로템  부산국제철도기술산업전서 수소기술 선보인다,Economic
광림  미래산업 지분        취득 최대주주 등극,Economic
비트코인 채굴업체들   떠나  텍사스행,Economic
 피플   산업보국이 곧 애국  태광그룹  일주 이임용 창업주 탄생    주년,Economic
삼성전자   G   대역 무선통신 시연 성공,Economic
호텔신라  빠른 회복에  분기 흑전 전환 목표가  유진,Economic
대신증권  LG생활건강  하반기 실적 개선 지속 전망 ,Economic
삼성전자  더 테라스   야외 시인성 화질 인증 획득,Economic
삼성 아웃도어 TV  더 테라스   업계 최초   야외 시인성 화질검증 획득,Economic
세븐일레븐       생분해 친환경 봉투 도입,Economic
한국필립모리스  전 직원에 최대  일간의 백신 휴가 제공,Economic
삼성물산 패션 구호   플랜트 소사이어티  과 협업 전시,Economic
덕산네오룩스  하반기 성장 본격화 DS투자증권,Economic
롯데온   그린 제로  기획전 친환경 상품 최대     할인,Economic
AZ 코로나 치료제  기대에 미치지 못했다   임상  상서 억제 효과     불과,Economic
롯데마트 덕 집스토랑서 미국산 프라임 스테이크 파티,Economic
봐도 무슨 소린지 모르는 보험약관 AI가 분석해서 맞춤상품 추천,Economic
하이트진로  진로   세계 증류주  위  소주 대중화 이룰 것 ,Economic
 우리금융지주   분기 어닝서프라이즈 예상   목표가  ,Economic
 빅데이터MSI 시장심리 톱   NAVER SK이노베이션 LG생활건강 LG디스플레이 기업은행,Economic
매드포갈릭   월   일  피자 데이  진행 모든 피자     할인 혜택,Economic
진로  지난해   억병 팔렸다   전세계  증류주 판매  위 ,Economic
 서울 대신 세종 노릴까  특공 폐지 이후     여가구 공급,Economic
 시그널   공모가     만  크래프톤  삼성생명 공모 기록 깰까,Economic
 호텔신라  예상보다 회복 속도 빠르다  목표주가  유진,Economic
태광그룹   이임용 창업주 탄생    주년 온라인 기념행사,Economic
 LG생활건강   분기 실적 기대치 부합 전망  대신증권,Economic
중복청약  막차  크래프톤 공모가  카카오 네이버 주가보다 비싸다,Economic
분양가상한제 없는 공공재개발 아파트 분양자  입주 후   년만  의무거주,Economic
더본코리아   백종원의 다마스커스 중식도  한정 출시,Economic
CJ프레시웨이  외식경기 위축에도 잇단 대형프랜차이즈 계약,Economic
삼성증권  간편투자앱 오투 O   출시 주요기능     한 화면에  쏙 ,Economic
이마트    배달서비스 확대 자체 앱 네이버 주문도 가능,Economic
 연봉 파격 인상에 스톡옵션   카카오  보험인력 등    명 뽑는다,Economic
팬오션  추세적인 BDI 상승 전망 업종 내 톱픽  신한,Economic
단디바이오    억원 규모 CB 발행  패혈증 치매 치료제 임상 본격화 ,Economic
내달 DSR 규제 강화  우리은행  대출 우대금리 문턱 높인다,Economic
 투자노트   요즘 어떤 주식을 사야 하냐 고 묻는 이들에게,Economic
FSN   년만에  옐로모바일  계열 분리 최대주주 변경,Economic
 fn마켓워치 퓨처플레이     억 규모 혁신솔루션펀드 결성 추진,Economic
존림 삼성바이오 대표   바이오디지털  개회사  위탁생산 선두 ,Economic
전세계  명 전지 분야 석학 한자리에 LG엔솔  이노베이션 포럼  개최,Economic
KB증권  파마리서치  무한한 브랜드 가치 목표가   만    원 ,Economic
 외환브리핑   FOMC 대기모드  환율      원 중후반대 등락,Economic
삼성전자 TV  더 테라스   업계 최초   야외 시인성 화질 검증 획득,Economic
현대차  아산공장 생산중단  차량용 반도체 부품 수급 차질 ,Economic
카카오  견조한 주가 우상향 목표가    현대차,Economic
베일 벗은 크래프톤 상장조건 공모희망가 최대   만    원,Economic
삼성전자   G THz 무선 통신 시연 성공,Economic
더본코리아   백종원의 다마스커스 중식도  한정 출시,Economic
여름에 더 눈가는 손목 애플워치 다음은 ,Economic
JTC     억 규모 사모 CB 발행 결정,Economic
한밤중 기습 상폐까지    잡코인 거리두기  속도내는 거래소,Economic
광주 사고 계기로  중대재해처벌법  다시 수술대 오른다,Economic
한국투자증권  베트남 주식 열기 지속 증권업 잠재력 주목 ,Economic
카카오  플랫폼 확장성으로 경쟁사 대비 리레이팅 목표가  현대차증권,Economic
하반기 IPO 대어들 몰려온다 증권사 실적도     ,Economic
   인프라 법안 다음 달 타결 기대 감세는 유지돼야 ,Economic
 이슈분석  노사  내년도 최저임금  줄다리기  시작 양측 입장은,Economic
이스타항공 인수전  쌍방울로 기우나 성정 추가 베팅 관건,Economic
 더 커진 K  같다  K  페이스리프트 직접 보니,Economic
현대차 아산공장  차량용 반도체 수급차질로   일 휴업,Economic
삼성 아웃도어TV  더 테라스  야외 시인성 인정받았다,Economic
유진증권  호텔신라  분기 영업익 컨센서스 웃돌 것   목표가 상향 ,Economic
유진   호텔신라  실적 회복 속도 빨라 목표가  ,Economic
CJ프레시웨이  지난해 대형 프랜차이즈  곳 수주,Economic
 한국 대표 산업  IT인터넷   대표 그룹은  삼성  ,Economic
엔씨소프트   블소   론칭 늦어질수도  악재는 선반영  이베스트,Economic
LG엔솔   이노베이션 포럼  개최  노벨상  스탠리 휘팅엄 교수 초청,Economic
 HSD엔진  CB 주식전환 따른 급락은 빠르게 회복될 것  하나금융투자,Economic
 파국 막기 위해  김용익 건보공단 이사장이 단식 나선 이유,Economic
 호텔신라  예상보다 빠른 회복 중   목표가   ,Economic
네이버 누른 카카오  카톡 기반의 플랫폼 확장성 덕분  현대차,Economic
 굿모닝 증시  진격의 코스피 제동  FOMC 앞두고 경계감  관망심리 ,Economic
대호황 반도체시장    년만에  분기 매출이 전년  분기 웃돌았다,Economic
씨티    년 만에  희망퇴직  신청받을 수도,Economic
KB   현대차  반도체 부족 가볍게 털어낼 것 ,Economic
 노벨상 수상자와 함께 배터리 기술 논의  LG엔솔  글로벌 배터리 포럼 개최,Economic
 르포 반포  년만의 새아파트  디에이치 라클라스  집들이 가보니,Economic
 뉴스새벽배송 FOMC 앞두고 증시 주춤   생산자 물가 껑충,Economic
에너지솔루션즈  쎄미시스코 최대주주 올라  전기차 매출 원년 자신 ,Economic
 한국투자TDF알아서펀드  시리즈 설정액     억원 돌파,Economic
현대글로비스  컨테이너 운임 상승이 호재가 됐다 미래에셋,Economic
 뉴스  되살아난  철거왕   철거  건설 아닌 깡패영역이었다 ,Economic
 뉴스  분위기 반전 나선 공유 오피스 이번엔 IPO 성공할까,Economic
 분류 인력 연말까지 투입  과로사 대책 타결 임박,Economic
 단독  카카오 토스처럼  신한라이프도 부장 차장 직급 사라진다,Economic
삼성 LG전자  내년 CES 오프라인 전시 참가한다 신기술 공개 기대,Economic
 글로벌 비즈  이케아 프랑스  직원 뒷조사 혐의로 벌금  사생활 침해 ,Economic
 한국투자TDF알아서펀드  시리즈 설정액     억원 돌파,Economic
 조간브리핑  문 대통령 백신 외교 속도 삼바 한미약품  큐어백  위탁생산 하나,Economic
펀드매니저      인플레는 일시적   김현석의 월스트리트나우 ,Economic
 와인 핥아 마셨음  정용진  새벽 취중 SNS 돌연 삭제한 이유,Economic
IPO 앞둔 LG엔솔  배터리 포럼 연다  글로벌 석학 총출동,Economic
VR에서  불  만지면 뜨겁고 스마트폰 화면서 질감 재현,Economic
에너지솔루션즈  쎄미시스코 최대주주 올라  전기차 매출 원년 자신  종합 ,Economic
 월부터    만 가구 전기요금     원 오른다,Economic
세계 원유 전문가들  유가    달러 시대 온다 ,Economic
 잡코인 과 거리 두는 거래소들 한밤중 상폐 유의종목 지정,Economic
삼성 LG전자  내년 CES 전시회 현지 출격 신기술 경쟁 후끈,Economic
 유동성 장세 스팩 투자 여전히 매력적 ,Economic
이마트    배달 서비스 박차   다양한 플랫폼서 배달 주문 가능 ,Economic
우리나라 소셜미디어 이용률     대만 제치고 세계  위,Economic
현대글로비스  컨테이너 호조는 악재 아닌 호재 미래,Economic
인산가  죽염 죽염 활용 간편식으로 성장세 견조할 것  IBK,Economic
  조 시장 잡아라  아모레퍼시픽   이너뷰티  성장 가속페달,Economic
한일 경제계  백신 맞은 기업인 비즈니스 트랙 재개해야 ,Economic
엔비티  애드테크 기업가치 상승 영업익 급증 전망  신한,Economic
 클릭 e종목  아모레퍼시픽  실적 개선 모멘텀 지속 ,Economic
 증권사     년  분기 경영실적    한투 KB 교보 한화 흑자전환   순익  배 늘어,Economic
국제유가 상승 WTI   개월 만에 최고,Economic
손인완 한화솔루션 상무      년부터 그린수소 본격 상용화 ,Economic
발품 대신 손품  비대면 복덕방  혁신  갈등 ,Economic
 증시전략  경기과열 논란 여전 FOMC 회의 이후 투자전략은,Economic
집토끼 홀대 논란 신한라이프 성대규 사장  공정 만 외쳤다,Economic
재건축 아파트 인기에  서울 아파트 사겠다  매매지수 커져,Economic
코스피 최고치  우리만의 잔치   테이퍼링만큼 중요한 것은,Economic
 서학개미 뭐샀나  성장주 에어비앤비 연일 순매수 최근 한달     상승,Economic
 잡코인 과 거리 두는 거래소들 늦은 밤 상폐까지,Economic
 시그널  역대 IPO 최대어  크래프톤    최대     만 원으로 다음달   일 청약,Economic
 롯데 vs 신세계  이베이코리아 인수전  이르면 오늘 윤곽 ,Economic
 짝꿍 백신  없는 토종 코로나 DNA 백신도 비교임상 청신호,Economic
 특별한 호재도 악재도 없어   비트코인      만원  제자리걸음 ,Economic
승승장구하던 미국 거대 IT기업 주가에 치명적인 하나의 소식,Economic
 기저효과 종료와 함께 실적 추정치 둔화 국내 성장주에  기회  ,Economic
 글로벌 마켓  FOMC 앞두고 얼어붙은  투심  뉴욕증시 하락 마감,Economic
돈줄 조이기 시작한 시중은행,Economic
에코프로비엠   Q 컨세서스 상회 호실적 해외 투자 필요성 증가 유안타,Economic
 클릭 e종목   현대차  반도체 부족 현상 가볍게 털어낼 것 ,Economic
또 뒤집힌 정책 현금청산 대신 바뀐     대책 보상 기준,Economic
동학개미가  찔끔찔끔  올린 사상 최고치 코스피  외국인 동참하지 않는 이유,Economic
 잡코인 과 거리 두는 거래소들 늦은 밤 상폐까지 종합 ,Economic
 뉴욕증시  엇갈린 경제지표에 소폭 하락  에너지주 강세  엑슨모빌    ,Economic
 공급 가뭄  창원 충주 등 새 아파트 들어선다,Economic
 부실 코인 목록 내라  거래소에  살생부  요구 투자자 패닉,Economic
코인 거래소  늦은밤 기습 상폐 유의종목   개 지정,Economic
현대차  반도체 부족에 따른 이익감소 미미  KB,Economic
 재택플러스  치매 의식불명 금융 자산 관리는 ,Economic
우리금융지주  올해 큰폭 증익 전망 목표가   하나,Economic
정용진     만원 넘는 와인 사진 올리며  핥아마셨다  고마워 ,Economic
재개발 재건축에 교통호재까지  주목받는 안양,Economic
팬데믹 기간 쇼핑몰 임대료 면제  뉴노멀  자리잡아,Economic
 재택플러스   노마스크  기대감  화장품 동났다,Economic
고래 대형 배달앱  싸움에 새우 점포주  등 터질라,Economic
삼성증권  ESG 경영 투자 길잡이 맡는다,Economic
스파 무료 뷔페 할인 호텔들  백신 접종 고객 잡아라 ,Economic
한일 경제인  백신 접종한 기업인에 특별입국 절차 허용해야 ,Economic
뉴욕증시  FOMC 앞두고 하락 나스닥       ,Economic
거래대금  위 거래소  한밤중 코인 절반 상폐 유의종목 지정,Economic
   년뒤 또 치킨게임  해운사들 몸집 불리기 가속,Economic
폭염 앞두고  월부터 전기요금 비싸진다,Economic
빚내서 이자 갚는    만 명  월 시한폭탄 터지나,Economic
   만원 공기청정기가    만원 위메프  VIP클럽  최저가 승부수,Economic
페이코인 PCI   이달말 빗썸 상장 업비트 탈출 시나리오,Economic
철근 대란에 잠 못드는 현대제철 동국제강 보수일정 축소 연기,Economic
한전산업개발    년만에 공기업 전환  지지부진 ,Economic
 구조조정  BAT코리아  사업 축소 수순 밟나,Economic
 주목 경매  명일동 아파트         회 유찰   억    만원,Economic
NE능률만 보면  므흣  hy 사주 윤호중    억  잭팟 ,Economic
 성실신고확인대상자의 소득세확정신고   고소득 사장님들   세무사 검증  받으세요,Economic
 테크다윗을 키우자 리그넘  친환경 플라스틱의 미래 나무에서 찾았다,Economic
헬멧규제 완화 요구 뭇매 난감한 공유킥보드업계,Economic
또 뒤집힌 정책 현금청산 대신 바뀐     대책 보상 기준,Economic
 저탄소 러시    증권사  ESG 균형 잡기    리서치 투자 강화 ,Economic
취하지 않을 권리  무알코올 맥주시장   년 새   배로,Economic
우량채권 넣고 ESG 양념 더하니 대박 난 펀드,Economic
 G 속도논란 두번째 난제  SA 넌 뭐니  ,Economic
대부업체  사업포기 속출하나,Economic
 마지막 비둘기적 기회  FOMC 앞두고  대지수 숨고르기 뉴욕마감 ,Economic
직장인  희소식  경영계  부담  휴일 양극화 우려도,Economic
 신선한 경제   아파트 사서 석 달 만에 팔아요  부동산  단타  확산,Economic
FOMC 앞두고 얼어붙은   증시 이준석 안철수 회동  모닝브리핑 ,Economic
매각 추진 씨티은행   년 만에 희망퇴직 받나,Economic
공공재개발도  전월세  금지 현금 없는 무주택자  부글 ,Economic
 청년 창업  요람된 경동시장  어떻게 가능했나  코로나도 이겨냈어요 ,Economic
기술주 약세 테슬라 주가    달러 아래로 서학개미모닝브리핑 ,Economic
 롯데 신세계  이베이코리아 인수전  이르면 오늘 윤곽,Economic
 광주 붕괴사고  구조 도면 없이 해체   눈 감고 부수는 격 ,Economic
 택배 노사  오늘 잠정 합의 시도 수수료 막판 조율,Economic
집값 거품 순위  위는 뉴질랜드   한국은 ,Economic
 IT 대세는 나야나   카카오  네이버 제치고 시총  위 굳히나,Economic
 단독  MZ세대 공략 나선 막걸리   국순당 쌀 죠리퐁당  나온다,Economic
밀려나고 갭투자까지   빌라 거래   개월째 아파트 추월,Economic
 월 가계부채 규제 강화 앞두고 은행권  가계대출 문턱 점점 높인다,Economic
 짝꿍 백신  없는 토종 코로나 DNA 백신도 비교임상 청신호,Economic
  EU  항공기 보조금 분쟁  휴전     견제 먼저   장가희 기자의 뉴스픽 ,Economic
알리바바부터 텐센트까지 빅테크 기업 옥죄는 중국,Economic
 분류 인력 연말까지 투입  과로사 대책 타결 임박,Economic
 국산 SUV 최장수 모델  기아 스포티지가 달려온   년 역사,Economic
산으로 가는   종부세 완화안,Economic
하자 담보와 채무 불이행  어떤 책임을 물어야 할까   이철웅의 법으로 읽는 부동산 ,Economic
 다윗 과  골리앗 의 대결 폭풍 성장 밀키트 시장 승자는,Economic
코인 상폐 내역 들여다보는 금감원 암호화폐 시장 감독 준비 나서나,Economic
네이버 카카오  성공의 이면 내부 갈등 곪아터졌다,Economic
후진하는  차전지   하반기  시장 수혜 기대 ,Economic
 영상 택배파업 한 고비 넘겼지만   시간  불씨  여전,Economic
서울시  차질없는 공급 가벼운 발언  톤 다운     대책 공급 흔들 ,Economic
한화큐셀    ITC서 태양광 셀 모듈 특허침해 피소,Economic
 공급  부족이 아니라  필요한 주택 이 부족한 겁니다  더 머니이스트 심형석의 부동산정석 ,Economic
상장도  폐지도  깜깜이  거래소  잡코인 거리두기,Economic
 시총 위 질주  카카오  증권사 평균 목표가 넘었다 얼마나 오를까,Economic
카카오  인터넷 플랫폼 대장주  등극 ,Economic
신규 확진    명대 백신 접종      만명 돌파,Economic
삼성전기 LG이노텍  분기  깜짝 실적  전년대비  배 이상 영업익 기대,Economic
서울 아파트 너무 비싸 부담 빌라 거래량   개월째 아파트 추월,Economic
온라인 장보기  이걸 모르고 살았네  마켓컬리      고객 폭증,Economic
노동계  내년 최저임금  만원 이상  다음주 첫 요구액 제시,Economic
 정부가 수수료 보전 보장하라   국토부   노조  대립으로 번진 택배 갈등,Economic
에스엠 JYP YG엔터 시총 합계의  배  엔터업계 새 역사 쓰는 하이브,Economic
 현장클릭  OK저축 의 아쉬운  나홀로  침묵,Economic
 오늘의 경제정책 브리핑   카카오뱅크 중복청약 못한다 ,Economic
 샘플 써보라더니 본품 배송  골머리 앓는 소비자들,Economic
 엇 잘못 옮겼나  중소기업 이직 후 아차 싶었던 삼성맨의 반전,Economic
한전산업개발    년 만에 공기업 전환  지지부진 ,Economic
 단독 건물주 배불린다던 최소보장임대료   공정위  문제없다 ,Economic
부동산업체  성정  추가 베팅해 이스타항공 인수할 듯,Economic
머스크가 쏘아올린 친환경 비트코인 채굴  현실성 떨어진다 ,Economic
 과잉진료 역풍   보험 손실 위험     억 또 늘어,Economic
백신 사망 사례 오접종에  화들짝       접종도 불안,Economic
삼성 LG전자  내년 CES 전시회 현지 출격 신기술 겨룬다,Economic
 오락가락  등록임대 옥죄기 절반 싼  알짜전세  씨말린다,Economic
어느새  천스닥  성큼  FOMC 이후 바이오 IT업종 뜬다 ,Economic
현대 그룹  내년까지 계열사  사 상장 수소 전환 실탄 마련,Economic
변동형 주담대 금리  변동없다  KB국민은행 최고      ,Economic
 삼다수   백산수   라벨 생수 왜 편의점에는 없나요,Economic
발등의 불도 못 껐는데 재정부터 챙긴다는 기재부,Economic
 구조조정  없이 잘하겠다는 쌍용차  충분하냐 며 비판한 산은,Economic
 생각보다 안 내렸네  HMM 당장 안판다는 산은  개미는 주웠다,Economic
과천 아파트 부정청약    명  반값 로또  계약취소 쏟아질듯,Economic
 가치투자  세대  이채원 허남권 만났다  지금이 주식투자 적기 ,Economic
 년 반 만에  최고치     달러  유가 향방에 숨죽인 산업계,Economic
쌍방울그룹  이스타항공 인수 자신있다  왜 ,Economic
올  Q 반도체 시장   년만에  직전 분기   매출 늘었다,Economic
자구 계획안 통과 쌍용차 첫 전기차 양산  스타트 ,Economic
내가 언택트  왕 이로소이다,Economic
코로나 유탄 맞은 오비맥주 또  희망퇴직 ,Economic
하반기  대어  크래프톤  중복 청약 막차 ,Economic
전기료 할인 혜택 반토막     인 가구  월     원씩 더 낸다,Economic
 ESF      정만기  ESG는  의    견제책  기업 반사이익 기대 ,Economic
 세금 날벼락  맞은 임대사업자  급매 늘고 전셋값 뛸 것 ,Economic
 아파트 갭투자 대신 꼬마빌딩 빚투자 최소    년 활황 계속   부동산    ,Economic
이케아  직원 사찰 유죄      만유로 벌금,Economic
 ESF      김세훈      년 친환경  시대 열린다 수소 인프라 절실 ,Economic
똑같은 와인인데  만원 차이   불매운동 부른 와인 값의 비밀,Economic
 현금 최소   억 있어야  원베일리 청약  그들만의 리그  되나,Economic
서울 재건축지역  년 새 전세 매물 반토막 전세난 심화,Economic
 초과세수로 빚까지 갚는다  정부  전국민 지원금 선긋기 ,Economic
 철도망 따라 오르는 집값   GTX로 인한 집값 상승  앞으로도 지속 ,Economic
외국인  은행주 폭풍 매도 이유는,Economic
중복청약 막차 타는 크래프톤 기록 어디까지 세울까,Economic
 탈탄소 바람이 오히려 유가를 올린다 ,Economic
 단독   신차 뽑자마자 냉각수 사라진다   정의선 야심작  아이오닉  가 수상하다,Economic
여행 올스톱  년에도    정부 전폭 지원에 고공 비행한 대한항공,Economic
 상폐빔  업비트   개 코인으로만 수수료   억 벌었다,Economic
롯데케미칼  배터리 수소 보폭 넓힌다,Economic
구리 원목 옥수수 값 꺾여  치솟던 원자재값 천장 쳤나,Economic
 배럴당    달러 유가 시대 온다 ,Economic
    이어 유럽도 뚫었다  삼성    보다폰  G사업 수주,Economic
우체국 위탁 택배기사 파업 주도  특산품 판로 막힌 농가 타격,Economic
 단독  이번엔  광화문 서민금융진흥원서 뵙겠습니다   간 커진 피싱,Economic
애써 키워두면 속수무책 빼앗기는 해외브랜드   막을  법 이 없다,Economic
탈원전 후폭풍  내달    만가구 전기료 오른다,Economic
   만km 이상 주행   수소차 내구성 개선 사업 급가속,Economic
넓어진 실내공간  부드러운 승차감에 소음 적어,Economic
은퇴시점 맞춰 돈 불려주는 TDF  올  조    억원 늘어,Economic
쌍용차 첫 전기차 양산 돌입  부활 승부수 ,Economic
 단독 SK  폐비닐이  유전   환경 지키며 석유 뽑는다,Economic
택배 일주일째 파업에 곳곳 배송지연  노조     여명 상경농성,Economic
다가오는 금리 상승기  하이일드펀드 저축성보험 투자해볼만,Economic
 특공 받은 자와 못 받은 자   둘로 쪼개진 세종시 공무원들,Economic
 단독 원전수출 외치며 한전공대는  탈원전  전문 교수는  명,Economic
 마켓인  만선의 꿈  모건스탠리  M A 매각자문  역대급 질주 ,Economic
반도체 보릿고개에 차 생산중단 속출   출고 대란  몸살 ,Economic
시총  위 다투는 네이버 카카오  최종 격전지는 메타버스 ,Economic
FOMC 앞두고   증시 연이은 기록경신 이유는,Economic
 마켓인 구조조정 업황 실탄 건설사 매각전에 PE 등판하는 이유,Economic
 빅뉴스  코스피 고공행진 속 카카오  네이버 누르고 IT 대장주 등극 미국 나토  중국  국제질서에 대한 구조적 도전 ,Economic
탈원전 내걸었지만  전력 모자라자 원전 돌려 메웠다,Economic
잡코인 대청소 시작됐다   개 코인 거래종료    개 유의종목 지정  국내  위 거래소 업비트발 태풍,Economic
 View   Review  표 떨어질까 번번이 전기료 동결 원가 연계형 요금제 또 무산되나,Economic
전기 덜 쓰는 집 요금 할인  내달 월     원서     원으로,Economic
미국도 돕고 산은도 돕는다 두산중  터빈을 돌려라 ,Economic
집콕 끝나면 TV 수요 뚝 LCD 패널 호시절 끝나나,Economic
  비정규직 제로 후폭풍 신규채용 줄고 노노갈등 격화,Economic
 정부  비정규직 제로  과욕이 부른 노노갈등  차기정부 시한폭탄 ,Economic
코스피  FOMC 앞두고 이틀 연속  최고치  시장 전망은 ,Economic
코스피 이틀 연속 최고치 경신   카카오 시총  위 등극,Economic
북한 코앞  최전방 서 멈춘 수도권 아파트 청약 광풍,Economic
대규모 적자에 순이익 줄어도 공기업 절반 이상 성과급,Economic
 그 돈 주고는 못타  카카오만 배불리는  우선콜 ,Economic
하락 기대감 번지던 서울 전세   다시 오를 것  전망 확산,Economic
큐어백의 세계 번째 mRNA백신  빈국 팬데믹퇴치 중요역할 기대 ,Economic
당국  거래소에  상폐 명단 달라  잡코인 정리수순       눈치 ,Economic
 월부터 전기요금 할인 축소      만 가구  천 원 더 낸다,Economic
연봉  억 줘도 못 구한다 코로나가 키운 인테리어 기사 몸값,Economic
다시 훈풍 부는 암호화폐 비트코인     만원대 형성,Economic
돈줄 조이기 시작한 시중은행,Economic
제철 농산물 수확 한창 농가는 인력난 등  삼중고 ,Economic
 월부터   인 미만 기업도   시간 준비 상황은 ,Economic
못 찾은  구조도면   눈 감고 부수는 격 ,Economic
초파리 위 척수서  과잉 섭식 막는 억제 신호  찾았다  ,Economic
손경식  다시 꺼낸 이재용 사면론 지금은  반도체  전쟁 중 종합 ,Economic
세 번째 mRNA 백신  큐어백     위탁생산 가능성 제기,Economic
 월급이냐  시급이냐  내년도 최저임금  첫 의제부터 진통,Economic
직장인  희소식  경영계  부담  휴일 양극화 우려도,Economic
 월  일부터 사적모임  명까지 거리두기 개편  주 준비기간,Economic
상장폐지 연쇄 도미노 우려  가상화폐 투자자 대혼란,Economic
재건축 조합원 양도시점 앞당기면 재산권 침해  전문가들은  글쎄 ,Economic
알뜰주유소에 뿔난 주유소 소비자  싸서 좋은데 ,Economic
생산 저조 오염수 방류에 소금값 폭등  앞으로가 걱정 ,Economic
 상장 반년 만에 폐지  가상화폐  기습 정리  거센 후폭풍,Economic
공공주택복합사업  이달 말까지 등기마치면 현금청산 안한다,Economic
이달 말까지 등기하면 현금청산 하지않고 분양권 준다,Economic
 포커스M  일생의 로망 캠핑카 대중화 안전불감증 캠핑장 알박기는 개선해야,Economic
유통 라이벌 신동빈 vs 정용진   이커머스 업계 승자는 누구  ,Economic
 지금도 겨우 버티는데     자영업자 최저임금 오를까 전전긍긍,Economic
스캔들 없고 늙지도 않아  세상에 없는  모델 뜬다,Economic
 식당은 가면서 회사는 왜 못나오나    CEO들 사무실 복귀명령,Economic
상승세 꺾이지 않는 집값  금리 오르면 잡힐까,Economic
현금부자만 좋은  규제의 틈새  실거주 의무 없는    억 로또 ,Economic
빚내서 이자 갚는    만 명 하반기 금리마저 올리면 ,Economic
롯데리아 감자튀김 실종  이유는 수입 감자가 배를 못타서   ,Economic
 단독  증권사도 모르고 팔고 조작까지 대규모 소송전 예고,Economic
 수소 전환  현대 그룹  투자자금은  IPO 로 마련 다음 타자는 ,Economic
대규모 상경 투쟁   최종 담판 배송 지연 공지,Economic
 생생경제   저도 애 아빠입니다  절 믿으세요  인터넷 투자 카페 사기 기승,Economic
같은 단지인데 아파트는  억  오피스텔  억   속사정 따져보니,Economic
 단독  시청 직원 가족끼리 짬짜미 투기  LH 닮은꼴 ,Economic
 단독  이천시 공무원이 땅만 사면  개발  수상한 대박,Economic
수익률 참패 잊어라    제 의 월급 된 리츠,Economic
          연이틀 천장 뚫었다,Economic
신선식품은 웃돈 주고 배송 반품은 그대로 버릴 판,Economic
 반도체 대란 투싼 쏘렌토  당장 주문해도 내년에나 받는다 종합 ,Economic
최저임금 논의  완전체 로 마주했지만 경영 노동계 모두 최초요구안 못내놨다,Economic
노조원 많은 우체국 배송 반토막   분류인력  이견은 좁혀져  택배파업 일주일 ,Economic
 월 취업   만명 늘었지만  초단시간 근로 역대 최다    만명,Economic
 밸류체인 변화  혁신기업이 뛴다  국내 유일 양수발전소 운영 안전 친환경 다 잡아,Economic
BTS 효과 하이브  시총   조,Economic
청약 경쟁률 하락  최소  주 확보는 쉬워질듯,Economic
 밸류체인 변화  혁신기업이 뛴다  차세대 원자로 SMR 쥐고   K원전  수출 잭팟 노린다,Economic
 원전해체 핵심기술 개발사업  예타 탈락 원전해체연구소 착 준공  년 연기 전망,Economic
공모주 청약   일부터 한 건만 됩니다,Economic
  월 DSR 대비하라   대출 옥죄기 나선 은행권,Economic
삼성   갤Z폴드    월 조기 출시   만원 싸게 내놓는다 종합 ,Economic
 금리 인상 필요  매파 본색 드러낸 한은    이주열만 그런 게 아니었다,Economic
 CNBC 독점  NYSE 터줏대감 아트 캐신  미 국채   년물 금리      가 전환점 ,Economic
제철 농산물 수확 한창 농가는 인력난 등  삼중고 ,Economic
  파전  이스타항공 인수전  새 주인이 넘어야 할 산은 ,Economic
우드맥킨지  한국 전력계획상     년 전기요금     상승  종합 ,Economic
재개발 기대감에 빌라 인기   매수 신중해야 ,Economic
커머스 다시 품는 카카오 네이버 쿠팡에 도전장,Economic
택배 파업에 배송차질  일부지역 신선식품은 접수 안받기도,Economic
크래프톤  중복청약 막차 탄다 기업가치 최대   조원,Economic
 건물 붕괴참사  개입의혹 조폭출신 전     단체 회장 해외도피 종합 ,Economic
 일시적 인플레 가능성에 무게  연준서  월 FOMC 이후 MBS 매입축소 등 양적완화 축소 거론될 것   자이앤트TV ,Economic
종부세 양도세 완화 없던 일  급격히 싸늘해진 민주당  당심     ,Economic
매파색 짙어진 금통위 금리인상 빨라지나,Economic
DSR 규제 앞두고 대출 문턱 높이는 은행들   금융당국  대출  가수요  관리,Economic
 영상  수요 폭발 한 주거용 오피스텔  잘 모르면 세금 폭탄 맞는다 ,Economic
 빚투  이자비용 상승 대비     안전벨트 매라  강력 경고,Economic
사상 첫  대 지주  중간 배당  움직임  금융주 담아볼까,Economic
블룸버그 평가  집값 거품   위는 뉴질랜드 한국은 ,Economic
 단숨에    만원 날렸다   잡코인 솎아내기 에 투자자 멘붕,Economic
일본선 리콜했는데   벤츠  시동결함 무상수리  리콜 안해 ,Economic
늘어나는 코로나   백신 접종에 희비 갈린 바이오 IPO 대어,Economic
코스피 이틀 연속 최고치 경신   카카오 시총  위 등극,Economic
 코인뉴스  비트코인  상승세 소강에도 기대감    만 달러 넘는다 ,Economic
반도체 보릿고개에 차 생산중단 속출   출고 대란  몸살 ,Economic
 복덕방기자들 신용대출 받아 집 사면 회수   이것  조심해야,Economic
   크래프톤  중복청약 막차 탔다,Economic
  일부터 공모주 중복 청약 금지  주 받을 확률 높아진다,Economic
 GTX 인덕원 기대에 호가 쑥     억 못넘을 이유 없죠 ,Economic
수도권 사적모임 일단  명까지 백신  차 접종     만명 돌파,Economic
노노 갈등 깊어지는데  건보공단 이사장 무기한 단식 왜 ,Economic
 단독  삼성증권이 쏘아올린 IRP 수수료   원  전쟁 은행권 가입자  반토막 ,Economic
출시 석 달 만에  천억 몰린 중개형 ISA 실익은  그닥   왜 ,Economic
직방의  한방  안전보장  투명거래로  허 를 찌르다,Economic
   억 로또  원베일리 역대급 청약경쟁 예고,Economic
 GTX D  목숨건 지자체  이달 확정 앞두고 고민깊은 정부,Economic
아파트 이름에  OO역  붙이니  순위 청약 마감률  쑥 ,Economic
김치 넣은 K 푸드 세계인 입맛 공략,Economic
카카오  네이버 넘고 시총  위 등극    인터넷주 전성시대  활짝 ,Economic
중복청약 막차 탄 크래프톤  역대 최고 공모가 기대도 ,Economic
SK에너지  직영주유소    곳 매각     억 현금화,Economic
 대책없는 개발 즉각 중단하라   기 신도시 원주민들도 반발,Economic
   만가구 전기료     원 올라  물가 걱정  정부  제동 걸까   월부터 전기요금 할인 축소 ,Economic
에이리츠 올해만      상승  인플레시대엔 리츠가 대세  스무살 리츠 날개 편다 ,Economic
진격의 카카오  시총   조  빅   등극  네이버보다 몸집 커졌다,Economic
 ETx티클  티끌 모아 태산  잔돈    원으로 테슬라 주주 되기,Economic
크래프톤   중복청약 막차  탄다 역대 최대 증거금 넘어설까,Economic
HMM 매각설에   힘 빠지는 해양진흥공사,Economic
사회적합의 재개 분류 배제시점 임금보전 막판조율,Economic
     작전 하듯 반도체 배터리 두뇌 빼가  전세계    인력  쟁탈전,Economic
 인플레  일시적 현상 아냐  월가는 현금쌓기 들어갔다,Economic
 영상  오세훈 노형욱 손 잡았다   알고 보니  동상이몽 ,Economic
쌍용차  첫 전기차 생산 시작  신차 개발도 재점화,Economic
철광석 t당    달러 다시 돌파  철강재 가격 추가 인상 예고,Economic
신차 효과  톡톡  국산차는 현대차 기아 독무대,Economic
 CEO워치 물러나는 박찬구  확 바뀌는 금호석화,Economic
창호가격  월부터     올라  건자재값 줄인상 도화선 되나,Economic
글로벌 인재전쟁  한국이 안 보인다,Economic
 상경투쟁  택배노조     명 몰렸다 오뚜기 GS   등 발동동,Economic
 반도체 쇼티지  여파  현대차 기아  생산차질  만대 넘었다,Economic
 ET  불붙은 넘버  경쟁 네이버 vs 카카오  뭘 담을까 ,Economic
권혁홍 대양그룹 회장  골판지 외길 로   년 장수기업 일구다,Economic
산은도  계속 도울것  응원 두산  가스 풍력터빈에 승부수,Economic
 산업연합회  반도체대란에    시간제  한시적 완화 건의,Economic
차 정유화학 유통 급성장   실적 모멘텀은  주춤 ,Economic
쌍방울  이스타항공  홀로 탑승  성정과  쩐의 전쟁 ,Economic
AI 스타트업 총출동하자 장외시장  은둔 고수  떴다,Economic
 하반기 다시 성장  시간 올 것 반도체 전기차가 상승 이끈다 ,Economic
은행은 외면했는데 틈새 파고든 네이버  반 년 만에     억 ,Economic
금통위  매파  떴다 연내 금리 인상 초읽기,Economic
삼성D 노조    일 쟁의위 출범 예고 삼성 사상 첫 파업 돌입하나,Economic
 IPO 대어  크래프톤  공모주 중복청약 막차 탄다,Economic
에르메스 루이비통 샤넬 두얼굴  선 없다더니  엔 버젓이,Economic
네이버 제친 카카오 시가총액  위 질주,Economic
수상한 부동산거래  데이터로 잡아낸다,Economic
 주가 더 오른다   고수 들이 입모아 추천하는 종목,Economic
모두의 고민이 된 상속 증여  김앤장 변호사들이 풀어준다,Economic
카카오 제 국민주로 떴다 액면분할 자회사 상장 훈풍,Economic
 오피스텔 레지던스 등  대안주거  활성화 필요 ,Economic
동학개미가 찔끔찔끔 올렸다 코스피 또 사상최고치,Economic
가열되는 베트남 산업용 부동산 시장  베트남 투자가이드 ,Economic
 억써야 에르메스 버킨백 기회준다 명품큰손 한국 길들이는 에루샤,Economic
샤넬백 사러 제주 원정쇼핑  혹시나 했는데 역시나  허탕,Economic
강남  압구정동  제쳤다 아파트값 가장 비싼 동네는 ,Economic
코스피 이틀 연속 최고치 경신  FOMC 회의에 주목 ,Economic
강남 서초 내달까지     가구  입주 풍년 ,Economic
불붙은 신선식품 새벽배송  뒤에서 미소 짓는 태경케미컬,Economic
요즘 큰 수익 못내는 개미들  어떤 종목을 살까요  ,Economic
LG화학  신규 NCC 가동 에틸렌      만톤 만든다,Economic
 시그널  크래프톤  기업가치   조  공모가     만원 사상최고,Economic
 오늘이 가장 싼 주식  카카오 네이버 제치고  시총  위   박해린의 뉴스 마켓 ,Economic
HMM  산은 CB 전환 소식에    급락,Economic
 크래프톤이랑 일정 겹치면 손해  IPO 앞둔 기업들  눈치싸움 ,Economic
월급 밀려 카드빚 당겨썼던 직원들  역대급  잭팟  눈앞,Economic
 GTX D노선 원안대로   강동 하남 가세,Economic
차세대 갤럭시Z 곧 나온다는데  폴더블 부품  다시 뜰까,Economic
일주일 새      뛴 쌍방울  이스타 인수 자신있다   박해린의 뉴스 마켓 ,Economic
 국산명품은 안 사요  코로나   종식 때는  에루샤 만큼 뜬다   이지효의 플러스 PICK ,Economic
 최대 연         대부업 뺨치는 카드 리볼빙 수수료,Economic
 기 신도시 토지주들  LH 혁신방안 거부    추가보상 요구,Economic
광복절부터 대체공휴일 된다는데  결국 공무원만 좋은 일    이지효의 플러스 PICK ,Economic
BTS가 효자노릇  톡톡  하이브 주가  시총   조 돌파,Economic
 단독  VI금융투자 J트러스트  JT캐피탈 매각 대금 납일 일정 연기 논의,Economic
 출근할 바엔 사표 쓸게요  이직 자신감 넘치는 미국인  이유는   이지효의 플러스 PICK ,Economic
 의사 변호사 안 부러웠는데   펀드매니저  처참한 상황 ,Economic
 매일신문X화성산업 부동산토크쇼   실거주 목적이라면 지금 집 사도 좋아  ,Economic
회생길 열린 이스타   LCC 재편 앞당기나,Economic
 전기 들어오는데  년  포장만 화려한  K 프로젝트   이슈플러스 ,Economic
도지 AMC  떴다  하면 대박 유행이 돈 되는  밈 이코노미 ,Economic
기업이 마주한 딜레마  규제   이슈플러스 ,Economic
이재명   만원  조정훈   만원 표심흔드는 달콤한 유혹 기본소득  문제는 돈,Economic
세번째 mRNA 백신  큐어백   한국서 생산되나,Economic
카카오  네이버 제치고 시총  위 IT 대장주 등극 종합 ,Economic
일동제약 파멥신   잭팟  터지나   기술수출 잰걸음,Economic
코인 솎아내기 본격화  도미노 상폐 우려에  기준 모호 ,Economic
     조 잡자  네이버 등판에 금융업계  큰일났다  초긴장,Economic
ESG경영 로드맵 짜는 삼성 SK바이오 에이치엘비  독보적  ESG 신경영 ,Economic
 얀센접종 후 사망    대 부검 당국  기저질환  유족  지병 완치 ,Economic
대형주    오를 때     뛴 중형주  펀드 수익률도  쑥쑥 ,Economic
대우건설    일 본입찰  몸값  조 예상,Economic
기술 의 귀환  BBIG  아크ETF 강세,Economic
공모주 시장 소강 상태에도  차전지  줄줄이 상장대기,Economic
우본  소포 분류비용 지급했다 민간과 근무 여건 달라 ,Economic
 시그널  반도체 전문 심사역이  픽 한 VSI     억 투자 유치,Economic
   위    위  장매튜하돈 페퍼저축  대표  서민금융 승부사들  ,Economic
 최저임금  만원 이상  vs  일자리   만개 줄 것 ,Economic
 미국동맹 중국무역 앞으로도 둘 다 계속할 수 있을까 ,Economic
B마트  GS리테일 손잡고 영토 넓힌다,Economic
테크핀의 공습 대출시장 빅뱅,Economic
금호타이어     조  투자한다는데 광주시 vs 함평군  기싸움 ,Economic
펀드업계 고수  ESG로 맞붙는다 자금확보 총력전,Economic
찬바람 불면 늦으리   인플레 우려 속  배당주  뜬다,Economic
주거용 부동산 높은 진입장벽에  비주거용 부동산  인기,Economic
정용진  와인 핥아 마셨음  새벽  시 음주 SNS 돌연 삭제,Economic
 단독  TPG   건기식 강자  헬스밸런스 판다,Economic
성장주 꿈틀에 코스피 이틀 연속 최고치 경신,Economic
 단독   사모펀드  토스에      억 원 투자   기업가치는  조원,Economic
 대폭 인상  vs  소상공인 부담  내년 최저임금 놓고 노동계 경영계 입장차 커,Economic
당국 규제 금리인상 가능성에  대출 문턱 높이는 은행,Economic
 구매처 개발비  두둑히 확보한 SK바사 코로나   백신  리스크    ,Economic
 왕십리 GTX 안돼  현수막 내건 청량리 집값 앞에 주민들 갈라섰다,Economic
한국 집값 거품 순위   위  위는 뉴질랜드,Economic
저축은행 자산 사상 첫    조 돌파,Economic
여름철 별미로 즐겨 먹었는데  물냉면이 아니라  냉면 ,Economic
맥쿼리인프라  해양에너지 서라벌도시가스 지분      인수 종합 ,Economic
노바백스 임상 성공적 결과에 기대감 커지는 SK바사,Economic
내년 최저임금  월급이냐 시급이냐 노사 격돌,Economic
숨가쁘게 오르더니 카카오   년만에 네이버 제쳤다,Economic
못생긴 신발로 대박 난  크록스  주가  년 새      올랐다,Economic
 한경 코알라    년차 비트코인  무엇을 말하고 보여주는가,Economic
부산 학교 주변 곳곳 재개발사업 학생 안전 위협  학습권 침해,Economic
 월부터 전기요금 할인 축소      만 가구  천 원 더 낸다,Economic
 곡 좀 쓸수 있을까요   꺼지세요  핑크플로이드에 망신당한 페북 CEO,Economic
  년 숙원 푼 도봉구 창동 민자역사 호재에 재건축  들썩 ,Economic
서울 여수 양양에서 숙박업 가능한 생활형숙박시설 분양,Economic
쌍용차  첫 전기차  코란도 이모션  생산   월 유럽 출시,Economic
 양송이 피자엔 꿀  호텔 뷔페에 해설  등장,Economic
 생생경제 우정사업본부 번복에 타 택배업체로 영향    정부 뭐하고 있나,Economic
 강북만 더 죽으란 소리냐  재개발 조합원 양도금지에 양극화 심화되나,Economic
분양경기 이보다 좋을 순 없다  로또분양 이 부추긴 청약열기,Economic
 주택 부족하다며 레지던스 주거기능 왜 막나 ,Economic
 탄소 포집 기술 잡아라  정부 매년     억 투입 세제혜택,Economic
    인력난 해결사  탤런트뱅크 뜬다,Economic
 초점  식품업계  분야별  위 릴레이 가격인상 후발업체 도미노 오나,Economic
 내년에    달러  유가 기름 붓는 바이든 친환경 에너지 정책,Economic
 비용  분의  로 줄인 진공 증착 기술 마이크로 LED TV 생산에 사용될 것 ,Economic
 주  일에 월    만원 부업으로 시작해 전업 많이 한다 ,Economic
 박 일 상경투쟁 택배노조  노동자 죽이는 분류작업 끝장 ,Economic
모건스탠리 CEO  외식하는데 왜 사무실 못 나오나 ,Economic
GTX D 손잡은 강동구 하남시    일 국회 앞에서  원안사수  촉구,Economic
정부  잇단 부동산 거품론 경고 무색 주택매수심리  확산 ,Economic
 월 입주 단지 쏟아진다 검단  용인 등 수도권 입주물량도 많아,Economic
도크마다 LNG선 꽉찼다 삼성중공업 조선소 가보니,Economic
삼성  고성능D램 낸드  칩 양산 중저가  G 스마트폰 시대 성큼,Economic
하나금융  주주명부 폐쇄 공시  중간배당 여부  월말 결정 ,Economic
증권사 해외법인 대출 허용 해외사업 판 커지나,Economic
  주요 경제 지표 발표 앞두고 경계했지만 코스피 최고치 경신하며 장 마감,Economic
   코로나  기업부채   조달러,Economic
주식 팔라는  월 버텨  월부터는 상승장   월 코스피 전망,Economic
 바이오 업 다운  대웅제약  실적 기대와 보톡스 소송 우려 공존,Economic
  소비자 기대 인플레  년  최고   고민 깊어지는 파월,Economic
매파 비둘기파 금통위원 격론  금리여력 확보해야  VS  경기확장에 찬물 ,Economic
한국선 구경도 못하는데  샤넬 진열대엔  신상  빼곡 직원들  바로 구매 가능합니다 ,Economic
 ESG 열풍  타고  첫  여성 사외이사 바람  구색 맞추기  지적도,Economic
 롤렉스 있나요   VIP 아니면 나가세요  미국 매장서  마상  입은 까닭,Economic
이자 꿈틀  주택구입 부담  최고   공급 금리  년 전망 보고 사라 ,Economic
 비디오머그  학생 수 단 한 명  고파도 섬 아라의 일기  섬 마을 사람들의 슬기로운 코로나   나기 ,Economic
올릴까 말까  선거 앞 고무줄 된 전기료  한전 부담만 커진다,Economic
접종      만명 돌파   세 이상  효과 있다 ,Economic
LCD 고공행진 지속 생산 연장하는 삼성 LGD,Economic
중국  수출중심지 광둥성 코로나   몸살 글로벌 물류 비용 더 오르나,Economic
 택배노조 파업   일주일 넘게 물건 못 받았어요   애꿎은 소비자 영세업자만 피해,Economic
 택배노조 파업  배송지연 공지 띄웠지만 유통업계 대안없어  발동동 ,Economic
 리츠   연   대 배당에 주가 상승 매력 있네 ,Economic
미풍서 태풍으로 번질라 택배노조 파업 장기화 분수령,Economic
삼성전자    보다폰에  G 장비 공급 유럽 첫 진출,Economic
 오늘이 가장 싼 주식  카카오  네이버 제치고 시가총액  위,Economic
 한 사람을 피하면 다른 사람을 치게 된다   자율주행 AI는 어떤 판단을 할까,Economic
코로나 백신 확대 해외여행 활성화 기대감 생활형숙박시설 분양 봇물,Economic
 클릭  해외증시 이 종목    크라우드스트라이크 한달새      쑥 ,Economic
매 네 마리 날개 폈다  금통위원들도 연내  기준금리 인상  시사 상보 ,Economic
두 손 놓고  테슬라 자율주행차  타다 사망  제조사 운전자 중 누구 책임 ,Economic
코스피  또 역대 최고치 개인 이틀간     억 순매수,Economic
뜨거운  BTS 효과    하이브 시총   조 돌파,Economic
수출  위 달리던 구미  아산에 추월당한 뒤 갈수록 격차 커져,Economic
롯데리아 감자튀김 실종에 소환된 맥도날드  BTS세트 ,Economic
결국 네이버 제친 카카오   김범수 자산 넉달새   조   조,Economic
쌍방울그룹  이스타항공 인수 자신있다 ,Economic
 업무 효율성 극대화    LG디스플레이도 자율좌석제 도입,Economic
우체국 위탁 기사들이 파업 주도   택배 대란  불보듯,Economic
내년도 최저임금  업종별 차등적용  vs  대폭 인상해야 ,Economic
탈원전으로 전기요금 올려야 하는 한전 vs 인플레 우려에 못 올릴 이유 찾는 정부,Economic
중진공  부채   조 부채비율        그래도 연봉 복리후생비 크게 늘려,Economic
 통화정책 조정 고려할 시점  금통위  매파 의 향기 더 짙어졌다,Economic
금통위원 다수  금리 정상화  지나치게 미뤄져서는 안돼 ,Economic
하반기 주가 상승 기대되는  가지 업종 꼽아보니,Economic
예금금리 연동한 주담대 이자는 내림세  채권금리 연동은 상승세,Economic
주거용 부동산  경쟁률에  비주거용 부동산  반사이익,Economic
 페이코인 에 널뛰기 하는 다날     본업에는 문제 없어 ,Economic
박찬구  금호석유화학 대표직 사임  백종훈 단독 대표 체제,Economic
 로또청약  원베일리   년 실거주  사라지며 전세 끼고 구매 가능  부동산    ,Economic
보름 빨리     만명 접종 돌파   월 집단면역  청신호  종합 ,Economic
 BTS세트  탓에 롯데리아 감자튀김 없다  알고보니 ,Economic
민주당  씨티은행 방문 유명순  고용안정 우선  종합 ,Economic
알아서 기어 변속 신기술 적용된 기아  더 뉴 K   가격은 ,Economic
큰 폭 상승 비트코인     만원대 이더리움    만원 회복 인더머니 ,Economic
 시그널  큐라클 다음달 IPO 공모   기업가치      억 제시,Economic
 잡코인  무더기 시장 퇴출 예고 개미들  패닉 ,Economic
공공재개발 아파트 분양받으면  년간 의무 거주,Economic
코스피  이틀 연속 최고치 경신 카카오  네이버 제치고  시총  위 ,Economic
공모주 중복 청약    일부터 금지 투자자 눈치작전 치열,Economic
WHO  G  약속한 백신 지원 역부족 ,Economic
자율주행 자동차사고   운전자 대 제조사 누구 책임일까 ,Economic
조직개편 통과   오세훈표 스피드 주택공급 속도 낸다,Economic
 분석  은행주  강세 배당제한 해제되면 중간배당 할까,Economic
비트코인  만달러 회복    친환경 코인  될까,Economic
 월 신규 코픽스 제자리 주담대 금리 현 수준 그대로,Economic
비규제지역 아파트  서산 대산지구 한성필하우스   회사보유분 특별분양,Economic
 월 금통위 의사록  금리인상 발언 강화  통화정책 정상화 고려할 시점 ,Economic
나주시  SRF 열병합 발전소 가동 중단 재차 촉구,Economic
백신  차 접종     만명 넘었다  백신 공급도 이어져  종합 ,Economic
 단독  벤츠코리아   시동 결함  차량 전량 무상수리 결정,Economic
현대ENG   월 중  힐스테이트 용인고진역  분양,Economic
   만가구 할인혜택 축소    월부터 전기요금 더 낸다,Economic
덩치 커진 ETF  이젠 시장을 뒤흔든다,Economic
플랫폼부터 신용평가까지 카드업계  개인사업자 서비스 봇물 종합 ,Economic
여행업계   자유여행 에 올인 전망은  물음표 ,Economic
주춤한  흠슬라   산은 CB 주식전환 계획에 하락,Economic
 마켓인 큐라클  증권신고서 제출   월 청약 실시,Economic
 년만에 개편 앞둔  소비자물가 대표 품목  마스크 포함될 듯,Economic
 정용진 vs 신동빈  이베이코리아 인수전 운명의 날 누가 웃을까,Economic
은행 변동형 주담대 금리  당분간 변동  최저      ,Economic
 역전 드라마  카카오  플랫폼 대장   우뚝  네이버 제쳤다 종합 ,Economic
 월부터 전기 적게 쓰는 집  전기료 오른다 할인혜택 줄어,Economic
계속되는  반도체 품귀 출고지연에 발  동동 ,Economic
최근  년간  역  이름 들어간 아파트   순위 마감률     넘어,Economic
     억 CB 발행말라  바이오 소액주주 반발  계획 취소 ,Economic
반도체 공급 부족 불똥 삼성전자  갤S  FE 출시 연기하나,Economic
업비트   잡코인  정리작업  이제 시작이다 ,Economic
 전세 놓아 잔금 치를 수 있다   들썩이는 반포 래미안 원베일리,Economic
독도 방어훈련 소식에  욱 한 일본  극히 유감 ,Economic
 년 만에  대장주  탈환    카카오 주가 더 간다 ,Economic
코스피  이틀 연속 최고치 경신 반도체 강세 종합 ,Economic
광주붕괴사고  철거계획서부터 잘못 됐다,Economic
 증시 이슈  SM  NCT 급성장 공연재개 기대 힘입어     상승 마감,Economic
정승일 첫 시험대    분기 전기요금  년 만에 오를까,Economic
MG손보  건전성 위기에     억 유상증자,Economic
 건보공 사태 로 또 불붙은 정규직화 논란과 불편한 시선,Economic
 정 기자의 직장맘 백과사전  출산전후휴가   인 이상 사업장에서만 사용할 수 있다 ,Economic
주식투자자     만 시대에 투자의 맥을 짚는 맥머니    일 그랜드 오픈 ,Economic
경기도  신축 아파트 주차장 높이     로  택배차량 진입하게 ,Economic
마켓컬리 쿠팡 새벽배송 경쟁에 뒤에서 조용히 웃는 회사,Economic
온코젠  차세대  표적단백질 분해약물  혁신신약 연구개발 돌입,Economic
코로나 백신 접종     만명 돌파 치료제도 변신 꾀한다,Economic
  일간  조 늘었다  카카오  네이버 제치고  왕좌 ,Economic
물걸레 청소 반려동물 관리까지 커지는 로봇청소기 시장,Economic
서울시 조직개편 통과 오세훈표 부동산 정책  시동 ,Economic
LH 하반기 분양주택  만 가구 공급  수도권에     이상,Economic
첨단 의료 바이오 R D 허브 생긴다  청라의료복합타운  구축 시동,Economic
부산  평지 브랜드 대단지  아파트에 청약 쏠림현상,Economic
카카오 시가총액 첫  위  년 만에 네이버 추월,Economic
공직퇴임관세사   근무한 곳  수임 제한 일부 직무는 제외,Economic
 증시신상품  한 미 인플레이션 국채지수 추종 ETN,Economic
 BTS 효과  하이브 주가   만원 가나 시총   조 돌파 종합 ,Economic
 마켓뷰  코스피       하루 만에 또 최고치 경신 카카오 시총  위 올라,Economic
고소득  인 가구 늘어나자  럭셔리 대형주택  공식 깨졌다,Economic
 상장 임박  카카오페이  우리사주조합 설립 완료,Economic
거래절벽보다 무서운 재초환 그들이 추진위 미루는 이유,Economic
 차전지 핵심은  주행거리 서  충전시간 으로  실리콘 음극재  뜬다,Economic
 월부터    만 가구 전기요금     원 인상 효과 올 폭염에 요금부담 ,Economic
원 달러 환율     원 올라   FOMC 대기에 박스권,Economic
포스트 코로나 기대감 솔솔 생활형숙박시설 관심 늘어,Economic
     억 줄테니 회사 팔텐가         여개 스타트업에 물었더니,Economic
K푸드에 빠진 베트남 이마트 PB 노브랜드  베트남 간다,Economic
삼성디스플레이 이르면 내주 초 파업 돌입    협정근로자 명단 수령 ,Economic
택배비 올랐는데 노조 파업 이어지는 이유는 ,Economic
카카오 첫 시총  위 마감  년만에 네이버 추월 종합 ,Economic
현대차  코로나로 중단한 중간배당 재개한다,Economic
 단독  안전진단 신청 보류  상계동 재건축 올스톱 ,Economic
사업 경계선 된 안전진단  통과해도 못 해도 걱정,Economic
   달러 돌파  유가  더 가나 멈추나 정유 항공 석화 조선업계  촉각 ,Economic
정부  해상풍력 확대에  힘  준다 REC 가중치 최대     이상 상향 검토,Economic
 대어 피해라    IPO 기업 청약일정  눈치싸움 ,Economic
철강업계  내진용 고강도 철근 공동 개발,Economic
 시그널  신세계 손잡은 네이버  이베이 인수에     참여,Economic
사라지는 공모주 중복청약  건만 신청하세요,Economic
코스피  이틀 연속 최고치 경신 카카오 시총  위  우뚝 ,Economic
 월 신규 취급액 코픽스 보합 잔액 기준은 하락 종합 ,Economic
  EU  보잉 에어버스   년 무역분쟁 끝낸다  우리끼리 싸울때 아냐 ,Economic
아이와 노인 중  명만 살릴 수 있다면 자율주행차의 선택은,Economic
시들해진 공모주 투자 크래프톤이 불씨 되살릴까,Economic
 월 코픽스 금리  전월 수준 유지 최저       종합 ,Economic
 집중진단  이스타 부채만 약  천억 수준 쌍방울 성정 자금력 주목,Economic
코스피  이틀 연속 사상 최고치 경신 개인  천억 순매수 종합 ,Economic
 집중진단  이스타 새 주인은 누가 될까 단독 입찰 소식에 쌍방울 주가  ,Economic
매물 VR로 보고 비대면 중개한다 직방  이제는  프롭테크  ,Economic
대규모 업무지구 품은 직주근접 오피스텔 분양   ,Economic
롯데카드 체질바꾼 조좌진  우량고객 확보 전략 빛났다,Economic
전국 아파트     당 분양가     만원 전월        ,Economic
은행 변동형 주담대 금리  전월과 비슷한 수준 이어간다,Economic
 네이버  비켜   카카오  코스피 시총  위 등극,Economic
주담대 금리 기준 코픽스  전달과 동일,Economic
현대  대우조선 기업결합  선박 공급시장서 독점강화 ,Economic
삼각편대 띄운 신한  생보 빅   넘본다,Economic
 코스닥 마감  천스닥 앞두고 나흘만에 하락    선,Economic
 외환마감 환율  FOMC 앞둔 경계감에 강보합   코스피는 사상 최고치 ,Economic
 핫스탁 SK이노베이션 HMM 비상교육 종합 ,Economic
백신 접종      만명 달성  명  명  명 거리두기 단계별 완화,Economic
래미안 원베일리  무더기 만점통장 나오나,Economic
 코로나 이후 도심 거주 수요 증가  제도 개선 필요 ,Economic
코스피 하루만에 또 최고치 경신,Economic
이베이 인수전   일 윤곽    롯데 신세계  승자는 ,Economic
지아이이노베이션  면역항암제   FDA 임상    상 승인,Economic
산업단지 개발 및 교통망 개선  서산 대산 한성필하우스 특별분양,Economic
 월 DSR 앞두고  은행권  대출 옥죄기 확대,Economic
맥도날드  BTS세트  인기 탓  롯데리아 감자튀김 품절,Economic
공공재개발  입주 때부터 무조건  년 거주해야,Economic
 청년 도심 거주 늘리려면  대안주거  옭맨 규제 개선해야 ,Economic
코로나   백신  차 접종자      만명 넘었다  접종률      ,Economic
 초점  껌 곰 속옷 이어 뭐가 더 나올까 편의점 이색맥주 전성시대,Economic
  일부터 공모주 중복 청약 금지 크래프톤 적용될지 촉각,Economic
신약개발 회사 큐라클  증권신고서 제출  IPO 돌입 ,Economic
코스피  개미 순매수 힘입어 이틀 연속 최고치 경신        ,Economic
이스타항공 새주인 가시화   재도약은 언제쯤,Economic
 반도체 보릿고개 지속 현대차 기아 전망은 ,Economic
코스피  이틀 연속 종가 최고치 경신        ,Economic
 친환경 정책이 보약  귀뚜라미  보일러 체질개선 통했다,Economic
정동진 최적의 입지에 위치한  정동진 솔라뷰  주목      만명의 검증된 수요,Economic
이틀째    명대   세 이상 접종  효과 있다 ,Economic
 가계대출 기준금리  코픽스   월 기존 잔액기준  하락 ,Economic
원 달러 환율 강보합 마감 FOMC 앞두고 관망,Economic
하반기 공모주 붐 일으킬 대어는 ,Economic
 집 인데  주택  아닌  대안주거    역할 인정하고 키워야 ,Economic
HMM  메일 바이러스 공격받아  서비스 복구 중 ,Economic
    이어 유럽도 뚫었다 삼성    보다폰에  G 장비 공급,Economic
 월 신규 코픽스       제자리 주담대 금리 변동 없을 듯,Economic
 수소 섞어 태우면 탄소 덜나와    서부발전의 탄소중립 도전,Economic
도심 살고 싶고 아파트는 어렵고  대안주거 늘려야 ,Economic
코스피    FOMC 앞둔 관망 심리에도      선으로 이틀 연속 최고치,Economic
공공재개발 아파트  년간 실거주해야,Economic
서울반도체   서 와이캅 기술 특허침해 소송 승소,Economic
합병 추진하는 세중 관리종목 해소되나,Economic
국토연구원  주택 소비심리  개월만에 반등   부동산    ,Economic
  보  코스피  이틀 연속 사상 최고치 경신          마감,Economic
현대차  코로나  로 멈췄던 중간배당 다시 시작,Economic
카카오  네이버 제치고 시총  위 등극 코스피 이틀 연속 최고치 마감,Economic
백신  차 접종자     만명 돌파 고령층 확진자도 확 줄었다,Economic
 나랏빚 갚자 는 기재부   무슨 소리  여당      조       조  추경 충돌 불가피,Economic
코스피         이틀째  사상 최고  카카오 시총  위  보 ,Economic
폭염에 산업용 수요 급증 전망까지   여름  전력대란  비상등,Economic
정부는 고점이라는데 부동산 매매심리  전월보다    p 올라,Economic
 속보  연일 최고치 코스피         마감,Economic
서울 지역 아파트 값 가장 높은 반포동     래미안 원베일리  공급 주목,Economic
 곰표  수제맥주 대박난 CU 이번에는  백양BYC 비엔나라거  출시,Economic
행안부  공공클라우드센터  추가 지정 보류,Economic
글로벌 왕좌 노리는 지놈앤컴퍼니  마이크로바이옴 항암제가 분수령,Economic
 거물 투자자  지지 얻은 비트코인   만달러 고지 넘었다,Economic
 속보  코스피         마감 하루 만에 최고치 경신,Economic
 부평역 해링턴 플레이스  오피스텔 청약마감  경쟁률 최고     대 ,Economic
테슬라 주가 죽쑤자 머스크의  절묘한  구두개입 타이밍,Economic
CSA 코스믹    억 규모 제 자배정 유상증자 결정,Economic
시장 커지고 감독 강화에   거래소마다 인력 충원 활발,Economic
  인플레이션 기대치에도 세대차     년대 고물가 시대 경험차 때문,Economic
 IPO 앞둔 LG엔솔 카뱅은  중복청약  안 돼요     공모주 청약열기 식을 듯,Economic
LG에너지솔루션  ESG위원회 만든다   ESG경영 본격화 ,Economic
 메기 서  고래 된 카카오뱅크 인터넷은행 선두 굳히기 전략은,Economic
보름 만에   개 상장폐지   잡코인 무더기 퇴출 가속,Economic
한국노총  주  시간 늦추라는 재계 요구에  생떼부리기 ,Economic
상경 투쟁에 가격인상 까지 택배 논란  점입가경 ,Economic
내년도 최저임금 얼마  최임위   차 회의 민주노총 복귀,Economic
도심 및 관광 휴양지 인근  생활형숙박시설  관심 가네,Economic
     년 전기요금     상승할 것   재생에너지 확대 영향 ,Economic
골드만삭스가 꼽은 글로벌 재생에너지 기업은,Economic
규제 강화 속 틈새 투자처  눈길   구리역 더리브 드웰       일 청약접수,Economic
코어라인소프트  국립암센터에 폐암검진 AI 솔루션  년째 공급,Economic
광림 컨소시엄  이스타항공 인수 자신  국내 유일 빚이 없는 항공사 될 것 ,Economic
머스크 탄자니아 월가 거물까지 호재 이어진 비트코인      만원 돌파할까 ,Economic
민주노총  최저임금 회의 복귀  노동계 요구안은 다음주 공개,Economic
골드만삭스  가상자산사업 늘린다  비트코인 이어 이더리움 상품 제공,Economic
직방  비대면 중개 서비스 확대 메타버스 협업 툴 선보여,Economic
 위 등극 한신평   왕좌  내준 한기평 코로나가 뒤바꾼 신평사 서열  김은정의 기업워치 ,Economic
LH  올해 하반기 분양주택  만호 공급,Economic
제이콘텐트리  방송 영화 호재에 하반기 상승세  예약 ,Economic
 대우조선해양 현대중공업 결합        이상 아닌     이하 ,Economic
전국에서 통하는 더샵 브랜드 파워  이제는  호남시대 ,Economic
 펜트업 수요 잡아라  노트북시장 공략 강화하는 삼성 LG,Economic
이오플로우   이오패치 핵심부품 생산능력 확대한다 ,Economic
은행 변동형 주담대 금리  당분간 인상 없다,Economic
이론  당신  저축은행 중금리 대출을 모르셨군요 ,Economic
탈원전 떠들어도 원전 구매 더 늘었다     정책 모순 증명한셈 ,Economic
관광업 회복 조짐 생활형숙박 시설 관심 ,Economic
 수급난 이중가격  불안한 서울 전세시장,Economic
정부  인도 변이는 산발 사례일뿐 예방접종으로 막을 수 있다 ,Economic
금융당국  DSR강화 앞두고 금융권 소집 가계대출 관리 주문,Economic
 fn마켓워치 메디안디노스틱  동물 인체진단 글로벌  플레이어  군침,Economic
합리적 분양가 갖춘  북구청역 푸르지오 에듀포레  금일  순위 청약접수 실시,Economic
 레이더M  코로나의 역설 부실채권  공급 부족에  귀한 몸  됐다,Economic
 제  회 스마트금융콘퍼런스 김민표 토스페이먼츠 대표  신용카드 거래 정산  일로 단축   기술전문 PG사될 것 ,Economic
비트코인 국내가격  천   만원대 이더리움    만원대,Economic
        올랐다   서학개미  테슬라 손절하고 사는 이 주식,Economic
 국제적 고립감  어색한 스가  G  데뷔 사진 놓고  네티즌 들끓어,Economic
햄 소시지에 든 식품첨가물  제대로 표시 안했다,Economic
DL케미칼  미국 렉스톤과 합작법인 설립해 친환경 고부가가치 접착제 시장 진출한다,Economic
페퍼저축은행  자산규모  분기 업계  위로  폭발적 성장 ,Economic
 송장 막히고 제품 발묶여   택배 파업에 e커머스  시름 ,Economic
 OOO에 살아요  지역 따라 부동산 가치 천차만별,Economic
  인 모임 허용  거리두기 완화 전망에 주가 반등할 종목들,Economic
DSR 시행 앞두고    금융당국  선제적 가계부채 조이기,Economic
주택담보대출 변동금리 기준  코픽스         월과 동일,Economic
한화건설  부산  오시리아 메디타운  사업 수주,Economic
산은  토스 적금 출시 최대 연      금리,Economic
엘엔케이바이오  미국서 전방 경추 플레이트 특허취득,Economic
주택건설업체 분양 경기 기대감  역대 최고 ,Economic
 월부터 전기요금 오른다,Economic
 단독   카카오헤어샵  사모펀드 투자 유치했다,Economic
  억 아파트 거실   억 집과 똑같다    원베일리 에 무슨 일이  부동산 위키 ,Economic
공모 코인 광풍에  월 시중 통화량     조 원   역대  최대폭 ,Economic
알파카  세계 최초 전고체 배터리 사용 전동킥보드 개발,Economic
휴먼엔  러시아 백신 코비박 개발 연구진 방한  국내긴급 사용 승인 논의 ,Economic
 백신  보폭 넓히는 한미약품  경쟁력은,Economic
백신 접종 확대에 고점 우려 휩싸인   게임주,Economic
 월 통화량 역대 최대폭 증가  청약 가상화폐 수요 급증 ,Economic
  년째 동결  전기요금  이번엔 오르나 정부 제동여부 촉각,Economic
업비트 코인 퇴출 후폭풍 이상 급등  폭탄 돌리기  현상도,Economic
 이슈  직설  경제 단체들  주   시간제  시행 앞두고 계도기간 요구  더 미뤄야  vs  언제까지 미루나 ,Economic
 단독  크래프톤  오늘 증권신고서 제출 중복 청약 가능,Economic
신한금융투자   천만 달러 규모 베트남 여전사 김치본드 발행,Economic
정부는  고점 이라는데 주택매매 심리는 비규제 지방까지 다시  꿈틀 ,Economic
DL케미칼   렉스텍과 합작 친환경 접착제 시장 진출,Economic
위기의 MG손해보험   년 만에 또 증자       억원 규모 ,Economic
집값 잡겠다면서  집값 그렇게 안 떨어진다 는 민주당,Economic
한화자산운용 신임 대표로 한두희 한화생명 전무 내정,Economic
코윈테크   차전지 대형사와 자동화 장비 수주 계약 체결,Economic
신한라이프  빅   도약  팬덤 있는 보험사 만들 것 ,Economic
엔지켐생명과학  구강점막염 임상 상 톱라인   분기 발표 예정 ,Economic
 현장메모  예견된 OTT 블랙아웃 사태  결국 고스란히 피해는 소비자 몫,Economic
전국이 불장  서울 경기 지방  주택 매수 심리  세졌다,Economic
우미건설  청라의료복합타운  서울아산병원 컨소  참여,Economic
엘앤케이바이오메드  전방 경추 플레이트 특허취득,Economic
 유동성 과식 에 질린 월가  연준에  달러 좀 그만 ,Economic
신한금융투자  베트남 여신전문회사 김치본드 발행  국내 증권사 최초 ,Economic
오영훈 의원  제주  공항 성산 안되면 정석비행장 검토 필요 ,Economic
HMM  서버 바이러스 공격 당해  화주  유선연락 및 재확인 당부 ,Economic
 뉴스큐브  어제 신규확진    명   일만에 최소 발생,Economic
산업은행  금리     KDB 토스적금  출시,Economic
김승배 부동산개발협회장  오피스텔 생숙 등 대안주거 정착 위한 정책 뒷받침돼야   부동산    ,Economic
 시그널  쌍방울그룹  이스타항공 정상화 자신   빚 없는 항공사 될 것 ,Economic
수성구 명문학군을 한걸음에   더샵 수성오클레어  맹모들 관심 사로잡아,Economic
휴먼엔  러시아 백신 코비박 개발 연구진 방한 ,Economic
금감원  일부 코인 상장 폐지 점검 감독 본격화하나,Economic
공전협  기신도시 연합  LH 완전 해체해야 ,Economic
 코인뉴스   파죽지세  비트코인     만원 돌파 기대감 ,Economic
새 부동산 중개 서비스 발표한 직방  제 의 타다  사태 촉발 ,Economic
우수AMS   우수TMM 페어그룹과 전략적 MOU 체결,Economic
 투자의 창 성장주 vs 가치주 이분법을 넘어서라,Economic
크래프톤 카뱅 출격   중복청약 적정밸류 눈치전,Economic
 기신도시 주민들  LH 해체해야    국회 앞 동시 집회,Economic
한국맥널티  메이준바이오텍 지분      취득 결정,Economic
한화건설  부선서 국내 첫 헬스케어 복합단지  오시리아 메디타운  수주,Economic
 레미콘값 인상  가격경쟁 막은 울산레미콘사업자협회 제재,Economic
LG전자   주도   개사   G 연합  의장사로 선정,Economic
온투법  호  렌딧  김성준 대표  우리는     금융  고금리 내는 중신용자 타깃  종합 ,Economic
     명 vs    명  백신 접종 이후   세 이상 확진 감소세 뚜렷,Economic
곰표 히트에 북극곰 백양 롯데껌까지  콜라보맥주 전성시대 ,Economic
포스트코로나 수익형 부동산 시장  생활숙박시설  주목,Economic
요기요 매각 본입찰  약  주일 연기,Economic
하이브  BTS 업고 나흘째 강세 시총   조원 웃돌아,Economic
카카오  플랫폼 대장   우뚝  네이버 제치고 시총  위,Economic
카카오 카카오커머스 합병  카카오톡 영역 확장 이익 체력 증가,Economic
 현장연결  질병청  올해 학원 관련 집단감염 총   건 발생  천  명 확진 ,Economic
  세이상 확진 지난해 연말   만명당     명 지난주    명 접종효과,Economic
우드맥킨지     탄소감축 목표 달성 어렵다  원자력 활용해야 ,Economic
금융위  DSR 강화 앞두고 금융권 소집 가계대출관리 압박,Economic
넷마블   마블 퓨처 레볼루션    일 상세 정보 공개,Economic
공공재개발 아파트 분양받으면  년간 의무 거주,Economic
내주부터 공모주 중복청약 못한다,Economic
최저임금  만원땐 일자리   만개 사라진다,Economic
부산  평지 브랜드 대단지   박자 갖춘 단지 청약 선호도  ,Economic
HMM  메일 서버 바이러스 공격당해  복구 중 ,Economic
    년  묻지마 신재생  청구서 날아온다,Economic
신규 변이 확진자    명 추가 델타 변이   명,Economic
 남혐 집게 손  불똥 튈라   네이버  광고 검수기준 상향,Economic
독수리처럼  전술비행  내리박자 기자는 할 말을 잃었다,Economic
공모 코인 광풍에 통화량 역대 최대증가,Economic
 업비트  전화 한통없이 상장폐지 공지  또다른 피해자 안 생기길 ,Economic
유유제약     억원 규모 전환사채 발행   연구개발 가속화,Economic
노후아파트 비율     광양   더샵 광양베이센트  신규 분양소식에 들썩,Economic
 이데일리N  네이버 카카오 합산 시총    조 시총  위 경쟁  치열 ,Economic
 흠슬라 가 부메랑으로 CB 주식전환 계획에    넘게 급락,Economic
변이바이러스 확진    명 추가  누적     명,Economic
한때     넘었던 그리스  년 만기 국채 금리 이젠 마이너스로,Economic
 포스트 코로나    도래하는데 도심 오피스텔 규제 언제까지 ,Economic
드라큘라는 있었다 얼굴 새하얗고 치아 길어지는 이 병,Economic
오피스텔 생활숙박이 집값폭등 막았다  대안주거 공급 늘려야 ,Economic
 보랏빛 자신감  내비친 성대규 신한라이프 사장,Economic
래미안 원베일리  실거주 의무 피했다  청약 경쟁 예고 ,Economic
연일 치솟았던 목재 옥수수 구리  정점 찍고 하락세,Economic
미래에셋증권  ELW    개 종목 신규 상장,Economic
백신     접종한   세 이상    만명당 확진자     명    명,Economic
시중은행 주택대출  문턱 높이기   인터넷은행이 숨통 틔울까,Economic
직방  부동산 중개시장 본격 진출   공인중개사 연     만원 수익보장 ,Economic
공모주 중복 청약   일부터 금지  먼저 접수한 건만 배정 ,Economic
토스 투자하는 산업은행  토스적금 선보여,Economic
한예슬 전 남친 회사 디와이홀딩스는 어떤 기업 ,Economic
 제  회 스마트금융콘퍼런스 문효주 한결원 본부장  제로페이      개인특화 디지털정부 디지털소상공인에 방점 ,Economic
 광주붕괴 참사  유탄 맞은 중대재해법 건설업계  전전긍긍 ,Economic
JP모건 CEO  더 높은 금리 물가 예상  대비중 ,Economic
올 하반기 서울  만    가구  기 신도시  만    가구 분양,Economic
주식 가상화폐 폭등할때 주택청약저축 해지율도 높았다,Economic
안성우 직방 대표    주년 맞아  공동중개  시작 ,Economic
사업용 차 사고 사망자  년 새       화물차 사망자는 제자리,Economic
공공재개발 아파트 분양받으면  년 의무거주해야,Economic
후오비코리아  거래소 자체 발행 토큰 거래종료 결정,Economic
현대차  코로나  로 건너뛴 중간배당 다시한다,Economic
시세      미만 공공재개발 아파트  년간 의무 거주,Economic
코윈테크    억원 규모  차전지 자동화 장비 수주 계약 체결,Economic
신한카드  메타버스 R D 시동 Z세대 잡는다,Economic
JT저축은행  모바일 앱  년 맞아 수신금리 인상   최대 연       금리,Economic
원자재값 올라도 아무말 못하는      제값받기  절실 ,Economic
이베이 인수전  신세계로 기우나 네이버   조 지원사격,Economic
 기 신도시 원주민들  LH 해체하고 신도시 개발 즉각 중단해야 ,Economic
쌍용차  첫 전기차  코란도 이모션  양산 시작,Economic
 육류가공품에 각종 식품첨가물 함량 경고 표시 없어 ,Economic
미래에셋 박현주 회장  카카오와 네이버를 판교로 모았다,Economic
 단독   서민금융진흥원서 뵙겠습니다  간 커진 보이스피싱,Economic
바이러스 공격 받은  HMM  피해는    메일 서비스 복구중 ,Economic
 오후 주식시장은 FOMC 앞두고  조용히 종가 최고치 도전하는 코스피,Economic
 쌍방울그룹  광림 컨소시엄  이스타항공 인수시 시너지 자신있다 ,Economic
한화건설  부산  오시리아 메디타운 신축사업 수주,Economic
 다 같이 레미콘값 올려라  울산레미콘사업자협회 공정위 제재,Economic
스마트폰 사업 접었는데 LG전자 왜 미국  G단체 참여할까,Economic
 삼척에 첫  위브  브랜드 들어선다   두산건설  삼척 센트럴 두산위브 ,Economic
카카오  장중 다시 시총  위 네이버와     억원 차이,Economic
JT저축은행  비대면 정기예금 금리     p 인상 최대 연      ,Economic
서울아산병원 컨소  인천 청라서 종합병원 스마트 교육센터 설립 추진,Economic
공급확대에 분양 사업 전망치 역대 최고조,Economic
HMM  바이러스 공격받았다 운영엔 문제없어 ,Economic
지역채널  라방 에 뿔난 홈쇼핑  규제 특례가 되려 역차별 ,Economic
 사상 최고  코스피  장중 소폭 오른     선 카카오 시총  위,Economic
쌍방울  이스타항공  빚 없는 항공사 될 것 ,Economic
에코프로HN  미세먼지 저감 솔루션 해외시장 진출,Economic
성대규 신한라이프 사장  디지털화 위해 카카오와 손잡을 수 있다 ,Economic
여행업계   백신 접종자는 최고 VIP  숙박 항공권 다 깎아준다 ,Economic
중국 제외하니   배터리가 전세계 시장 절반 이상  석권 ,Economic
오이솔루션     Gbps 대용량 광트랜시버 출시  내년  분기 대량생산 ,Economic
 초점  멀리 내다본 자이에스앤디  중소형 부동산 시장  선점 ,Economic
 D     마이데이터 가이드라인은 아직도 미완성,Economic
 이동훈의 Fn터치 원자재값 천장친듯  한숨 돌린 인플레 압력,Economic
코스피       선  혼조세 지속   카카오 장중 시총  위 등극,Economic
잇따른 시총 역전극 증시 흔드는 카카오효과   포트라이트 ,Economic
개인 떠나는 반도체 외인  사자  vs 기관  팔자    포트라이트 ,Economic
 다시 뛰는 산업심장  컬러강판  초격차   과   만나 시장 지배,Economic
고용 빠르게 회복된다 했더니     월 취업자 절반은 초단시간 근로  알바 ,Economic
 매출    억 미만    세무조사 면제 승계 규제 풀어달라 ,Economic
계속되는  유동성 파티    월 통화량     조   역대 최대 ,Economic
GS   CU  택배비 최대     원 인상 이마트    동결 ,Economic
부산  부동산시장 소비심리지수  지난해   월 이후 최고,Economic
 더오래 요즘 강원도 강릉의 소형 아파트가 인기 있는 이유는,Economic
 이안 서면 더 파크   주택홍보관 그랜드 오픈,Economic
아이스크림 콘시장  위  월드콘  김연경 모델로 여름 시장 공략,Economic
 단독  한화자산운용 신임 대표에 한두희 한화생명 투자사업본부장 내정,Economic
     년 전기요금     오른다 ,Economic
중개업소 카르텔 깨질까 직방  부동산 중개시장 진출,Economic
삼성도 반한   NFT 아트 플랫폼기업  슈퍼레어는 어떤 회사 ,Economic
 친환경이 대세  중견기업도  ESG경영  속도전,Economic
LG전자    소비자평가서 냉장고 세탁기  위 실적도  위 기대,Economic
 년새 폭풍 성장  진격의 카카오     성장성 주목 ,Economic
성능 좋고 자금 지원까지   생분해성 그물  인기,Economic
신한라이프 내달  일 출범  건강하면 보장자산 더 받는 종신보험 출시 ,Economic
코윈테크    억원 규모  차전지 자동화 장비 수주계약 체결,Economic
충남 아산에서     당    만원대 아파트 공급,Economic
아마존 뚫은 K 혁신칫솔 뭐기에  미세전류로 치태 제거 ,Economic
에코프로에이치엔  독자개발 미세먼지 저감 솔루션   진출,Economic
레미콘 단가 일제히 올린 울산레미콘사업자협의회 과징금    만원,Economic
이억원  메모리반도체 초격차 확대한다 ,Economic
성대규 신한라이프 대표  헬스케어 자회사 추진 일류 보험사 도약  종합 ,Economic
논란 되자 슬쩍 로고 뗐다   대형건설사  강남서도  아찔 공사 ,Economic
중국 광둥성 코로나  로 항구 운영 차질  물류 대란  우려,Economic
SRI채권 상장잔액    조  년 반만에   배로 증가,Economic
분양시장 전망치  년  최고 지방도 개선 기대감,Economic
옛 SPP조선 부지  위그선 복합단지로 새 출발,Economic
 김대호의 경제읽기  시총  위 경쟁하는 네이버 카카오 과제도 산적,Economic
인천 청라  서울아산병원 컨소시엄 에 관심 고조,Economic
수소경제 진입 두산퓨얼셀  출범 후 최대 매출 청신호,Economic
 열도 끓이는  라면,Economic
산은  토스회원 대상 최대 연      주는  KDB 토스적금  출시,Economic
우드맥킨지  한국 전력계획상     년 전기요금     상승 ,Economic
공전협  기신도시 연합  LH혁신안 거부 완전 해체해야 ,Economic
노바백스  코로나 백신 예방효과         분기 국내서도 맞는다,Economic
골드만삭스  비트코인 이어 이더리움 상품도 제공,Economic
   만 가구   월부터 전기료     원 더 낸다 탈원전 부담 커진 한전  요금할인 축소,Economic
금리 하락에 FAANG 급등 성장주 다시 부활하나 ,Economic
LH  하반기 분양주택  만가구 공급  수도권에     이상,Economic
ESG 그린뉴딜 빼놓고 미래 없다 기업생존 직결된 최대 화두,Economic
 올 여름  만명 이상 죽을 수 있다  봉쇄 해제 연기한    델타변이에  속수무책 ,Economic
 반도체 부족에 쏘렌토 하이브리드 지금 계약해도 내년에 인수,Economic
이베이코리아 새 주인 가려지나  신세계   조원 베팅으로 롯데 앞섰다,Economic
지방까지 확산한 리모델링  붐   건설사 수주전도  치열 ,Economic
 종목속으로  제이콘텐트리  극장 개봉박두 ,Economic
   조명 브랜드   개  특허 침해  서울반도체   서 승소,Economic
미국인 자동차  대 사면 평균   년 탄다,Economic
직방  공인중개사와 파트너십  중개시장 진출,Economic
스마트폰 위치 정확도  m 이내로    GNSS보정   일부터 공개,Economic
한화건설  부산 노인복지주택  오시리아 메디타운  사업 수주,Economic
 빅   도약한 신한라이프    패러다임 이끄는 선구자 될 것 ,Economic
노형욱  광주 붕괴사고  비상식적  공공 철거공사 일시 중단,Economic
우미건설  청라의료복합타운  서울아산병원 컨소시엄  참여,Economic
공모주 중복청약 금지     일 이후 증권신고서 제출 기업부터,Economic
HMM  메일 서버 바이러스 공격받아 복구 중   피해 경미 ,Economic
 고객님  대출 안됩니다  은행권   눈덩이  가계부채에 고삐,Economic
트윈시티 남산 오피스텔  서울역과 지하통로 연결  초초역세권 프리미엄 누려,Economic
공급 확대에 주택건설업체 분양 경기 기대감  역대 최고 ,Economic
 미리캔버스  운영사 미리디  코로나   백신 유급 휴가 제도 도입,Economic
DL케미칼  친환경 고부가가치  핫멜트 접착제  시장 진출,Economic
 제주 바람도 뚫는다  대한항공   하이브리드 드론  제주소방안전본부에  대 공급,Economic
 긴급사태 발령해도 올림픽 개최  IOC 조정위원장  방일,Economic
배송 지연 접수 중단 택배노조 파업 영향 확산,Economic
  일부터 여러 증권사 통한 공모주 중복청약 금지,Economic
동물들은 왜 배 터지게 먹지 않을까 한국 과학자들이 풀었다,Economic
 하반기 금융시장 긍정적 대체투자 해외주식 비중 늘릴 것 ,Economic
SRI채권  전세계 발행국가 중  위 규모 성장,Economic
직방  부동산 중개 시장 진출,Economic
용인시에서도 드디어  배달특급  된다,Economic
한국전력  다음 달 전기요금 할인 폭 줄여    만 가구 월  천 원 인상,Economic
쿠팡플레이로       코파아메리카  남미 축구 즐긴다,Economic
 월  일 시행  거리두기 개편안    일 발표,Economic
DL케미칼    렉스텍과 합작법인 설립  친환경 고부가 접착제 시장 첫 발 ,Economic
한경연  매출 상위    만 재무상태 개선  기업간 양극화 심화,Economic
 갭투자  원베일리 청약 임박    부동산세제 개편  지지부진   식후땡 부동산 ,Economic
초단시간 근로자 역대 최대  질 낮은 일자리  늘었다,Economic
전기차로 새주인 맞을 준비하는 쌍용차   코란도 전기차   월 출시 ,Economic
코로나   로 급증한   기업 채권  GDP 절반 수준 ,Economic
 이미 인플레 초기단계 고위험군 가계부채 관리 시작해야 ,Economic
레미콘값 인상 강요한 울산레미콘협의회  공정위 제재,Economic
     취업자  만  천 명 감소,Economic
금감원  가상화폐거래소에  투자 유의  코인 리스트 제출 요청,Economic
GTX C 추가역 발표 임박 은마 주민들은  관통 안 돼 ,Economic
반도체 대란에  현대차  공장  셧다운  본격화,Economic
쌍용차  첫 전기차 양산   회생 동력 ,Economic
 최저임금  만원 되면 일자리   만개 사라진다 ,Economic
올들어  대 물가관련 지표  모두 우상향 ,Economic
 월부터 전기요금 할인 축소된다    만 가구     원 인상,Economic
 신간  한 권으로 끝내는 블록체인 기본서  블록체인이 미래를 바꾼다 ,Economic
금융위  IPO 공모주 중복배정 제한   일부터 적용,Economic
구리 옥수수 목재 고점서 하락 인플레 공포 정점 찍었나,Economic
공공재개발 아파트 거주의무기간  년으로,Economic
코스피  혼조세 항공주 하락,Economic
HMM  사이버 공격받아 일부 업무 차질  피해 매우 경미 ,Economic
이동걸   쌍용차  년 무급휴직안  사실상 퇴짜,Economic
사회 책임 투자 채권   년 간 상장액   배 늘어,Economic
 코인브리핑  페이코인 PCI      급등   투자자 유의해야,Economic
중대재해법 공정경제  법 등  기업 옥죄기 만 밀어붙여,Economic
 월 통화량   조   SKIET 공모 코인 광풍에 역대 최대폭 증가,Economic
택배 노조  오늘 상경 투쟁  차 합의 담판도 돌입 예정,Economic
코로나   재확산  단오절 소비활동  주춤    홍색관광은 급증,Economic
오늘 삼성준법위 정기회의  구내식당 일감몰아주기  논의할까,Economic
LH  하반기 사전청약 말고도  만가구 분양 쏟아낸다,Economic
한국콜마홀딩스 자회사  콜마스크  상장 검토 주관사 선정 착수,Economic
끝나지 않는  유동성 파티   월 시중 통화량   조 늘며 최대폭 증가,Economic
코로나   이후 관광업 회복 기대에 생활형숙박시설 관심  ,Economic
 유동성 파티  계속된다  월 통화량   조 늘어,Economic
레미콘 판매가 부당인상 울산레미콘사업자협의회 제재,Economic
 트래블 버블 에 설레는 면세점 영업 재개 시동,Economic
 월 통화량 한달 만에   조 늘어 또  역대 최대 ,Economic
   돌  직방  공간의 경험 바꾸는 프롭테크 모델  온택트파트너스  공개,Economic
앞으로  공모주 쓸어담기  못한다  증권사  중복배정땐 처벌 받을수도,Economic
 김치코인 중지  업비트 거래대금 하루새 반토막,Economic
  World Exchange Now  FOMC 앞 뉴욕증시 혼조 다우 하락 나스닥 최고치,Economic
네이버 카카오   IT 대장   자리 놓고 엎치락뒤치락,Economic
공모주 중복청약   일부터 금지 첫 접수만 배정,Economic
시중에 풀린 돈        사상 최대  한달 새   조원 급증,Economic
레미콘값 일괄 인상 강요한  울산레미콘사업자협의회  덜미 잡혀,Economic
시중에 풀린 돈     조  사상최대  한달새   조 더 풀렸다,Economic
고성동  주거타운 완성작  태왕디아너스 오페라  근일 공개,Economic
공정위  가격인상 갑질한 울산레미콘협의회 철퇴,Economic
  주택세제 개편안 혼선 거듭  국민 피로감,Economic
공모주 암호화폐 영끌 투자에   한달새 유동성   조   사상최대 ,Economic
SKIET 공모주 광풍에     월 풀린 돈 사상 최대 폭 증가,Economic
규제 덜한 오피스텔  힐스테이트 장안 센트럴  선착순 분양,Economic
주택시장 안정 위해 오피스텔 등  대안주거  공급 확대해야,Economic
 SKIET 공모 코인 광풍 에  월 통화량   조   역대 최대폭 ,Economic
서울 역세권 입지 알짜 상가  힐스 에비뉴 신방화역  분양,Economic
공공재개발 분양받으면  년간 의무 거주,Economic
시중에 풀린돈     조 또 사상최대 한달 새   조 ,Economic
 다시 뛰는 산업심장    최초 설비 HPC프로젝트  정유업의 화려한 변신,Economic
 월 시중통화량 전월비     조원  사상 최대 증가폭,Economic
KB부동산신탁  당진  포레스티안    일까지 청약 접수,Economic
일하는 여성 가장 많은 연령대   대에서   대로  세대교체 ,Economic
지난달 수출액    억 달러 역대  월 중  위,Economic
건강보험공단 이사장 단식투쟁 도대체 왜 ,Economic
포스트 코로나 표준  백신 접종 보고 요구하는 미 기업들,Economic
빅   신입회계사    명 채용  확대  중견 중소 다시  인력난 ,Economic
보험사 건전성 악화 KB생명 MG손보  적신호 ,Economic
 정몽근  끌고  정지선  밀고    조  꿈꾸는    살  현대백,Economic
이동걸의 토스뱅크 사랑 화끈하게  천억원 쏜다,Economic
공공분양  만호 하반기 공급,Economic
공모주 중복청약 금지 경쟁률 내려가면   주  확보는 수월,Economic
노형욱  광주 붕괴사고 원인 밝혀 엄중하게 조치할 것 ,Economic
 집주인이 합의금     만원 준다는데 적나요   관행된 이사 위로금  부동산    ,Economic
LH  하반기  만    가구 공급   신혼희망타운      가구,Economic
최강 D램 낸드 하나로 삼성 멀티칩 패키지,Economic
  일부터 공모주 중복청약 금지 청약광풍 사라질까,Economic
현대차  올해 중간배당한다 배당기준일 확정,Economic
이스타항공 인수 쌍방울 단독 입찰 다음 주 최종인수자,Economic
동났다던 타이레놀    만 개 풀린다 품귀현상 사라질까 ,Economic
 백신 접종으로 TV 수요 줄어  고민 커지는 LCD 업계,Economic
 천스닥  탈환은 시간문제   FOMC 이후 바이오 IT업종 뜬다 ,Economic
비트코인 국내가격     만 원대  만 달러 가나,Economic
  세 미만 경찰 등 화이자 접종  차 접종목표     만 명 넘을 듯,Economic
성대규 사장  새 패러다임 제시  신한라이프 내달  일 출범 종합 ,Economic
정부는  집값 고점 이라는데 시장은  더 오른다 ,Economic
지난달    조 늘어난 주담대 은행들 다시 옥죄기 나서나,Economic
 매각 재수생  이스타항공 건설업체 vs 속옷회사  파전,Economic
 손실보상 의무화  시행령에 산식도 넣는다,Economic
반도체 특별법 국가미래핵심전략 특별법으로 확대한다,Economic
신동아건설  비규제 아파트     춘천 파밀리에 리버파크  분양 중,Economic
고공행진 베트남 증시    더 투자해도 괜찮을까,Economic
 택배대란 우려에도    편의점  반값택배 는 이상 ,Economic
고용  추락   주   시간 미만 초단시간 근로자    만명  역대 최대 ,Economic
 신세계 온다    핫해지는  대전 유통대전 ,Economic
편의점 택배비 오늘부터 인상   중고거래 단골  당근러  어쩌나   ,Economic
한경연   최저임금  만원 되면 일자리   만개 사라질 수도 ,Economic
서울 주택 매매시장 소비심리 급등했지만  주택 매입 계획  응답자 감소,Economic
 코인 솎아내기 에 전운 감도는 암호화폐 시장  수천억 피해 ,Economic
다음 달 할인축소 약    만 가구 전기료 오른다,Economic
DL이앤씨  산본 율곡아파트 리모델링 수주,Economic
생보  빅   신한라이프   디지털 헬스케어 집중 ,Economic
LH  전국   개단지 공공주택 신혼희망타운 등  만가구 공급,Economic
 비과세 기준 올려도  주택자 양도세 중과 ,Economic
    인가구 급증   서울도심 용적률 높여 대안주택 늘려야 ,Economic
롯데리아 감자튀김을 못 먹는다  왜 ,Economic
 경기회복 베팅  동 서학개미  성장주로 다시  턴  ,Economic
정부  우리 백신  영국 변이에 예방력 있다 인도 변이는 확인중 ,Economic
 현장연결  철야 농성에 상경투쟁 곳곳서 배송차질,Economic
이재용 부회장 내달   일 가석방 요건 충족,Economic
 특별기고  포스트 코로나 시대와 가속화하는 전동화시장,Economic
고리대로 자본확충 나선 보험사들   부메랑되나,Economic
대기업 돈 거절하는 은행들   왜 ,Economic
  반도체 인터넷 순환매 주도하는 몸짱  찾아라,Economic
 한화 포레나 부산덕천  이번달 말  차 분양 실시,Economic
 단독  정부  하이브리드  개소세 감면 등 세제혜택  년 연장 추진,Economic
 금리   P 올라도 집값    하락 그쳐 ,Economic
코스피      선 등락 S P 나스닥  사상 최고 ,Economic
니콜라 주가 급등에 행복한 한화그룹     배 차익 가능할 듯,Economic
 월부터 전기요금 할인 축소 전기차 충전요금 소폭 인상,Economic
 잡코인  대규모 퇴출 이제 시작 금융위 신고 앞두고 나비효과 ,Economic
골드만삭스  이더리움 선물 옵션거래 서비스 수개월 내 제공 ,Economic
롯데 vs 신세계  매각 대어  이베이코리아 누구 손에,Economic
택배노조 파업 장기화에 온라인 쇼핑몰  발동동 ,Economic
코로나 이후 대비  수익형 부동산 생활형숙박시설에 수요자 관심  ,Economic
 퀵커머스  강남 격전 라방서 주문한 수박  부릉  타고 순식간에 날아왔다,Economic
직방  부동산 중개시장 진출 공인중개사 파트너십,Economic
쿠팡플레이        코파아메리카  남미 축구 생중계,Economic
 주식 초고수는 지금 하나마이크론 한미반도체   반도체 관련  주목,Economic
 이젠 내가 대장주  카카오  한때 네이버 제치고 시총  위,Economic
 테크주 품고 있는 사모펀드 주식에 투자하라   독점 UBS리포트 ,Economic
팬데믹 후 생활형숙박시설 관심  청약통장 필요없어  틈새상품 ,Economic
 전력 소비적은   인가구 전기요금     원 오른다,Economic
 디에이치 아크로 르엘처럼   우리도 프리미엄 단지명 붙여주세요  부동산 플러스 ,Economic
취직보다  창직    MZ세대  집과 삶을 바꾸다 부동산 플러스 ,Economic
JT캐피탈 매각 성사될까 VI금융투자 매각대금 납입  디데이 ,Economic
현대차 에어택시 상용화   조달러 시장선점 미래로 날아오른다,Economic
LG엔솔    외 시장서  위 수성   위  CATL 성장도 매섭다,Economic
부산 청약성공 공식  평지 브랜드 대단지   한화 포레나 부산덕천 차  박자,Economic
업비트   가상자산 종목 정리    투매현상    이상 폭락,Economic
 돈 빌리기 더 어렵다  은행  DSR 강화 앞두고 가계대출 관리,Economic
 파업이라더니 잘 오네   우리 집엔 택배 오는 이유,Economic
대우조선   년 만에   조원 대 수주 ,Economic
넷플릭스  한국 콘텐츠 총괄에 강동한 VP 승진  K 콘텐츠 두각 ,Economic
쌍용차  첫 전기차 양산  스타트 ,Economic
암호화폐 펀드서  주째 자금 순유출 이더리움은 역대최대 이탈,Economic
아시아 지역  명 승진 중  명이 한국인  콘텐츠 총괄에 강동한 VP,Economic
 NO재팬   년  계속 이어나가실 건가요,Economic
노브랜드 버거  이색 사이드  슈가버터 프라이  출시,Economic
삼성전자  최고 성능  멀티칩 패키지 양산     G 대중화 성큼 ,Economic
중복청약   일까지 증권신고서 제출한 공모주만,Economic
광주 북구청  HDC현대산업개발 GS건설 등 불법공사 무더기 적발,Economic
현대제철  강관제품 가격체계 개선 착수,Economic
   데이터보안법   월 시행  몰카 불법영상 대대적 단속,Economic
서울시  철거현장    여곳  일단 멈춤  안전 대책 발표,Economic
미래에셋증권  ELW    개 종목 신규 상장,Economic
하나금투  카뱅 증권사 주식계좌 개설  서비스,Economic
  콜마스크  코로나   정상화 시점이 상장 최적기 판단 ,Economic
시총 역전 눈앞   증시 흔드는  카카오효과 ,Economic
성장주 돌아오니  BBIG  지수도 돌아왔네,Economic
다시 불붙는 시총  위 싸움 네이버 지고  카카오 뜰까,Economic
눈물의 노사합의 마친 쌍용차  브랜드 첫 전기차 생산 돌입,Economic
월     h 이하    만 가구 내달부터 전기료     원 올라,Economic
이재용 두고      가석방  vs 재계  특별사면  기싸움 왜,Economic
공매도 새내기  종목  주가 대부분 올랐다,Economic
귀 켈로이드 방치하면 위험  발견 즉시 치료해야 놔두면 귀모양 망가져,Economic
한경연  최저임금  만원 되면 일자리   만 개 감소 ,Economic
서울에서 집값 제일 싸던 도봉구의 질주    년만에     올랐다 ,Economic
UBS  반도체 부족사태 속 기대할 만한 수혜주 ,Economic
환불 미루던 지역주택조합  채권가압류 신청했더니  취하하면 입금 ,Economic
빌 게이츠가 추천한 올 여름 권장도서  권의 공통점,Economic
  억 이하 없어요  경기도 중저가 아파트  키맞추기 ,Economic
코로나   인식 개선 등 영향에 노인학대 판정        늘었다,Economic
 수소는 한국이 최고     자존심 구긴  기술강국  독일의 맹추격,Economic
CJ ENM  일본 지상파 TBS와 협업  글로벌 콘텐츠 만든다 ,Economic
GTX C노선 초역세권 양주 회천 신도시 G스퀘어  상주 유동인구 증가로 관심 UP,Economic
식약처  모세혈관 누출 증후군 환자  AZ 코로나   백신 접종 안돼 ,Economic
현대차  운전연수 매칭  앱  천명 이용 불법연수 근절 캠페인,Economic
코스피  외인 기관 동반 매도에      선  등락    추가 상승 변수는 외국인 수급 ,Economic
LH  올해 하반기 분양주택  만호 공급,Economic
구애하는 가상화폐 거래소 선긋는 인터넷뱅크,Economic
  살  국민 SUV  스포티지의 힙한 변신,Economic
 증시 이슈  HMM    급락  산은 전환사채 주식 전환 소식에 약세,Economic
부산  평지 브랜드 대단지  아파트에 청약 쏠림 현상,Economic
 코로나 후에도 도심 거주수요 증가할 것 주거 공급 늘려야 ,Economic
산은  매주 납부  KDB 토스 적금  출시 최대 연    금리,Economic
개인 이탈 반도체   외인  사자  vs 기관  팔자 ,Economic
 인터뷰투데이  다음 달 주  시간제 확대 시행   재계  계도기간  요구,Economic
원자재 가격 급등  가격 상승 압박에 시멘트  상승세,Economic
CU   백양BYC 비엔나라거  출시  곰표 흥행 이어간다 ,Economic
쌍방울로 기우는 이스타항공 인수전   자금 동원력 주목,Economic
디지털세 폐지 논의     빅테크  긴장 ,Economic
롯데리아  감자튀김 수급문제 BTS 탓   소문 사실 아냐 ,Economic
 삼성  수세 몰릴 뻔했는데  이재용TV  시간 벌었다 ,Economic
광주  월 분양경기 기대감  쑥  공급확대 규제 해제 영향,Economic
 판교 아이스퀘어       일 활기 넘치는 판교 랜드마크 상권 기대 ,Economic
중국시장 제외하니  K 배터리     월 글로벌 시장       장악,Economic
삼성전자  D램 낸드 합친  G폰용 멀티칩 패키지 출시,Economic
 은행은 대출 권유 문자 안보냅니다  스미싱 주의보,Economic
쿠팡  금융전문가도  로켓 수송  월가 출신 등 관련 인력 대거 채용,Economic
이수화학 CB 주식 소진 언제쯤,Economic
 기자수첩 유통명가  추격자 아닌 선점자 돼야,Economic
유나이티드제약     억 규모 항암제 공급계약,Economic
 단독  한국콜마 마스크팩 자회사 콜마스크 상장 추진,Economic
석유수입 판매부과금 환급기관 석유관리원으로 일원화,Economic
 빅   시대 종결자 신한라이프의  대 비전  디지털 헬스케어 글로벌 ,Economic
삼성전자   업계 최고 성능  멀티칩 패키지 양산,Economic
상장사 자금사정보니  K자 양극화  진행중,Economic
삼성전자  업계 최고 LPDDR  멀티칩 패키지 양산,Economic
 개월만에     오른 펄프 가격  화장품 포장재값도  들썩 ,Economic
한경연  코로나  년  기업 자금사정  K자형  양극화 진행 ,Economic
삼성전자   중저가  G폰 탑재  멀티칩 패키지 양산,Economic
삼성전자  고성능 멀티칩 패키지 양산 중저가 스마트폰도  G 고해상도 이용,Economic
분양 사업 전망치 역대 최고,Economic
 시그널  소시어스 웰투시  HSD엔진 투자 대박 조짐   투자금     회수,Economic
 월 주택 매매시장 소비심리 상승폭 키워,Economic
신한은행   급여클럽  리뉴얼 오픈,Economic
부동산세제 개편 놓고 여당  우왕좌왕   완화 vs 유지  맞서 결론 도출 불투명,Economic
 신한라이프  출범 후 총자산     조원  단숨에 업계  위로 ,Economic
 빅  에 도전장 내민 성대규 신한라이프 대표  일류 보험사로 만들겠다 ,Economic
폭염에 전력 수요 급증 전망  차질 없는 전력수급 추진 ,Economic
 집값거품 고점 경고에도   더 오른다  심리지수 큰폭 확대,Economic
삼성  D램 낸드  업계 최고 성능 멀티칩 양산  G폰 주도,Economic
 노조  정년연장 법제화  국회 청원  반대  MZ세대  청원도 등장,Economic
 모가디슈 싱크홀  여름 극장서 본다 영화 정상화 위해  업계 맞손 ,Economic
존재감 커진 CATL 중국 밖 전기차 시장도 야금야금,Economic
  일부터 공모주 중복청약 제한 최초 접수건만 배정,Economic
한화건설  부산  오시리아 메디타운  신축사업 수주,Economic
골드만삭스  암호화폐 투자 확대  이더리움 선물 옵션에 참여,Economic
더존비즈온  가스공사 차세대 ERP 프로젝트  순항,Economic
물량 쏟아진다 산은 CB 주식 전환 우려에  흠슬라    대 급락,Economic
 토스     억 투자  산업은행  최대 연     KDB 토스적금  출시,Economic
공매도 숨 고르기 재개 이후 거래대금 최저 기록,Economic
공모주 중복 청약   일부터 금지  가장 먼저 접수한 건만 배정 ,Economic
세계화폐 주창 케인스의 경고 무시한 대가 너무 컸다,Economic
맥주로 재탄생한  백양 ,Economic
관광수요 회복 기대감에 생활형숙박시설 투자 관심도 급증,Economic
하나금투  카카오뱅크  증권사 주식계좌 개설  서비스 론칭,Economic
알파카  전고체 배터리 사용 전동킥보드 개발,Economic
이베이코리아 인수전 이르면 내일 결론 롯데 vs 신세계 승자는 ,Economic
붕괴사고 재발 않도록 도로 인접 철거 현장 등 집중점검,Economic
가상자산 패닉 투자자 거래소 모두 피해자 ,Economic
부산 청약성공 공식 평지 브랜드 대단지  한화 포레나 부산덕천  차  눈길,Economic
취준생       취업 준비하는 척  나는 쇼윈도 취준생 ,Economic
 fn마켓워치  대우건설   년 만에 주인 찾나     일 본입찰 진행,Economic
 곰표맥주  이어 이번엔  백양맥주 ,Economic
다 오르는데 라면 가격 인상만 눈치 왜 ,Economic
 메타버스가 뭐길래   신한카드 DGB금융지주  눈독 ,Economic
 뉴스포커스  확진자 주춤 일상회복 기대  방역이완  우려,Economic
비규제지역 새 아파트 지역 시세 선도  포천 금호어울림 센트럴  선착순 분양 중,Economic
도미노피자    일 온라인 주문하고 포장 시     할인 ,Economic
하나은행      억 원 규모  ESG 후순위 채권  발행 성공,Economic
우리기술  에스엠아이  풍력 제어감시 사업  인수,Economic
안성우 직방 대표  이용자 전문가 초연결 프롭테크기업으로 변화하겠다 ,Economic
과기부  무리한 지침 소급적용 중소기업   곳 피해,Economic
산은 토스  최대    만원 연리    적금 출시  협업 본격화,Economic
 GTX 왕복요금 최소     원   GTX 요금체계 만든다  부동산    ,Economic
 안전관리비     선지급  현대건설  초기 안전관리 강화,Economic
JT저축은행  비대면 정기예금 금리      p 인상,Economic
 금리 인상 한정적 ESG가 기업 구조조정 수단 될수도 ,Economic
 잡코인  퇴출 이제 시작 금융위  신고 앞둔 나비효과   ,Economic
국토부  광주 붕괴사고 원인조사 속도 재발방지책 추진,Economic
 노인 운전자 사고 막자  첨단 보조장치 효과 연구 착수,Economic
베트남 여심을 사로잡은  골드 스네일 딥 슬리핑 팩 ,Economic
비트코인   일만에  만 달러 회복,Economic
정부   핵심전략기술  투자 지원 확대   규제 혁파도 속도,Economic
 빚내 코인 투자  마이크로스트래티지  조원대 증자 ,Economic
     년이면 날아다니는 에어택시 서비스 가능   현대차 북미사장,Economic
   억 로또  원베일리  실거주 의무 피했다  청약 경쟁 치열할 듯 ,Economic
반도체 품귀에 불똥 맞았던 캐롯손보  캐롯플러그  공급 재개,Economic
 IPO돋보기 오비고  차량 소프트웨어 일류기업 도약 채비,Economic
넷마블  신작  마블 퓨처 레볼루션    일 쇼케이스 개최,Economic
 시트콤  만드는 녀석들  반응 뜨겁다      제작지원 PPL 물밀듯,Economic
택배노조 파업 지속 접수 거부 배송 지연 속출,Economic
규제에도 뜨거운 부산  올해 재개발 재건축 사업장     가구 공급 예정,Economic
한화건설  부산  오시리아 메디타운  신축사업 수주,Economic
은행 금리  대출은 높이고 예금은 낮추고  왜 ,Economic
 감자튀김에서 단 맛이      노브랜드 버거  슈가버터 프라이  출시,Economic
카카오  한때 네이버 몸집 추월 시총  위 쟁탈전  격화 ,Economic
신비복숭아부터 베개수박까지   GS더프레시  이색 과일  종 출시,Economic
산업은행  토스와 함께 연      금리  KDB토스적금  출시,Economic
카카오뱅크  주식계좌 개설 서비스에 하나금융투자 추가,Economic
신라젠  엠투엔 인수 거래정지 풀리나,Economic
준법위  삼성D 노사 문제 다룰까 오늘 정기회의,Economic
LIG넥스원        첨단국방산업전  참가,Economic
주거용 부동산 높은 경쟁률에  비주거용 부동산  반사이익,Economic
산은  토스     억 투자  우리가 안 키워서 쿠팡 나가 ,Economic
사이버 견본주택 오픈  더샵 오산엘리포레   방문예약  분 만에 마감되며 눈길,Economic
공모주 중복청약 제한   접수건만 배정 ,Economic
기아  최첨단 기술 집약된  더 뉴 K   출시,Economic
 핫스탁 SK이노베이션 HMM 비상교육,Economic
일주일에  만원   개월 단기 적금 나왔다,Economic
온투업 등록   호  김성준 렌딧 대표  금리단층 문제 해결하겠다 ,Economic
ESG 잘하는 기업  재무구조도 좋아진다,Economic
 월부터 특고노동자도 고용보험 적용받는다  달라진 내용 반영해 계약 진행해야,Economic
지아이이노베이션  면역항암제   FDA    상 승인,Economic
세운지구 고급 주거 오피스텔  트리니티   푸르지오 발라드   월 분양,Economic
한국타이어  아우디 e 트론 GT 신차용타이어 공급,Economic
공지 하나에     하락 패닉에 빠진 가상자산 시장,Economic
 집 살 사람은 다 샀나  치솟은 아파트 가격에 매수세 주춤,Economic
우미건설  서울아산병원 컨소시엄 참여 인천 청라의료복합타운 구축,Economic
아이진  유상증자 확정발행가액  만   원,Economic
민트맛 맥주도 나온다 세븐일레븐   스피아민트 맥주  출시,Economic
CJ제일제당  식품 스타트업 투자 나선다,Economic
 낡은 주택규제  주거 트렌드 역행 시장 왜곡에 자산격차 확대 ,Economic
대한항공  제주소방안전본부에  하이브리드 드론  공급,Economic
오늘부터 강원랜드 카지노 입장 인원 확대,Economic
인천 분양시장 상승세  시티오씨엘  단지  공급,Economic
LH  올해 하반기 분양주택  만가구 공급    가 수도권 물량,Economic
리드코프  중간배당 위해 오는  월 일 주주명부폐쇄,Economic
미코    억원 규모 자사주 신탁계약 체결,Economic
오피스텔 생숙이 주거수요 폭발 막아  규제 풀어야 ,Economic
한화건설  부산  오시리아 메디타운  수주   월 착공,Economic
카카오  시총  위  등극  대장주  네이버도 넘었다,Economic
 기술력과 가성비 모두 잡았다  한일  등급  아기바람  창문형 에어컨,Economic
   인 가구 급증 서울도심 용적률 높여 오피스텔 등 대안주택 늘려야  부동산    ,Economic
이형희 위원장  ESG 경영 선도 기업에 더 많은 기회 돌아올 것   국회 포용국가 ESG포럼 창립총회 ,Economic
아파트 말고  대안주거         유연한 용도지역제로 개편해야 ,Economic
과천 불법청약 부당이득     억대  계약 취소분 또  로또분양  되나,Economic
LG엔솔   시장 제외 세계 전기차 시장서  위 독주,Economic
  년 한시 운영  가리왕산 곤돌라 내년  월 개통,Economic
 상품성  브랜드 등 차별 우위   힐스테이트 브랜드 대단지  힐스테이트 용인 고진역   월 분양 예정,Economic
삼척 제천 고속도로 국가계획 확정 유력,Economic
 이건 또 무슨 맛   곰표 말표 이어  메리야스  백양 맥주 나왔다,Economic
 메타버스  활용 방안 찾는 신한카드,Economic
광주 붕괴사고 재발방지 노형욱  공공공사 철거 일시중단 ,Economic
부산상의  에어부산 주식매매정지 조속히 해제해야 ,Economic
삼성  중남미 스마트폰 시장서   공세에도 굳건  Q 점유율   위 ,Economic
디즈니랜드  노마스크 대열 합류     캘리포니아주 경제 기지개,Economic
우미건설  청라의료복합타운 구축 위한 서울아산병원 컨소 참여,Economic
갤Z폴드    월 조기 출시 노트 대신 폴더블폰 내세운 삼성,Economic
 MZ세대 겨냥  신세계사이먼  레트로 감성 살린  스마일 키트  굿즈 선봬,Economic
TYM  청년농업인 트랙터 무상기부 대상자 모집,Economic
하이투자증권   생활 속 ESG 경영 활동  실천 캠페인 실시,Economic
 에서 인정 받은 CJ ENM  TBS 손 잡고 글로벌 콘텐츠 제작,Economic
 예금 그만하세요  기업 돈 거절하는 은행들  인더머니 ,Economic
BMW  한정 에디션 마케팅 소비자 사로잡았다,Economic
넥스턴바이오  추마코프연구소 주최 컨퍼런스 참석,Economic
손경식  다시 꺼낸 이재용 사면  가석방으론 기업활동 제한적 ,Economic
지난달  주   시간 미만  초단시간 근로자    만명  역대 최대 ,Economic
제약사  월 브랜드평판 삼바  상승   셀트리온 SK바사  하락 ,Economic
고리대로 자본 부풀리는 보험사들  년뒤 부메랑 우려  인더머니 ,Economic
노형욱 국토부 장관  광주 붕괴사고  책임자 엄정한 책임 물을 것 ,Economic
랜드로버 올 뉴 디펜더  수소전기차로 나온다 연내 테스트 개시,Economic
  일부터 공모주 중복 청약 금지 오늘 국무회의 의결,Economic
초단시간 근로자    만명 사상 최대  고용의 질 악화 ,Economic
명품 브랜드 매출     백화점   해외여행 풀리면 손님 뺏겨    전전긍긍,Economic
대흥동      번지 가로주택정비사업 추진위  다음 달 창립총회 진행,Economic
 최저임금  만원으로 인상 땐 일자리 최대     만개 감소 ,Economic
광주 분향소 찾은 노형욱  있어선 안될 사고 불법행위 엄정조치 ,Economic
 아산 한라비발디 스마트밸리    층   개동  총    가구,Economic
강남 최초  유선형 외곽  적용   디에이치 반포 라클라스  입주,Economic
업계  위  카스  오비맥주  희망퇴직  실시   테라 때문에 ,Economic
초역세권  한화 포레나 부산덕천  차  분양,Economic
새로 뜨는 아파트 옆엔  문화 인프라  있다,Economic
세계 최초 PGS 적용했다  기아  더 뉴 K   출시 가격은 얼마,Economic
 무조건 청약  간다   더샵 오산엘리포레  분양 열기 후끈,Economic
 크래프톤 관련주  WI   거래일 만에 하락세,Economic
계속되는 코인 상폐   후오비코리아  후오비토큰 거래 종료 ,Economic
반도체특별법 국가미래핵심전략 특별법으로 확대 이차전지 등 포함 추진,Economic
SR  철도산업전서 고속열차 운전실 VR 공개  아시아 최초 ,Economic
 코로나  에     도 온라인서 장본다  마켓컬리  가입자 수       쑥 ,Economic
이재용 부회장  다음달   일 복역률     가석방 요건 갖췄다,Economic
PH    나인원한남  상위   가 선택한 주방가구  지메틱 SieMatic  ,Economic
신한금융투자  베트남 여신전문회사 김치본드 발행,Economic
대한항공    시간 비행  하이브리드 드론 제주소방본부에 공급,Economic
오페라타운 마지막 퍼즐조각  태왕디아너스 오페라  분양예정,Economic
카카오뱅크  하나금융투자 주식계좌 개설 오픈,Economic
신세계 온다 백화점   으로 뜨거워지는 대전,Economic
동원홈푸드  새벽배송 마감 오후 시  시로  시간 연장,Economic
다음달 부터 전기요금 할인폭 줄어든다    만 가구 대상,Economic
LH  올해 하반기 분양주택  만가구 공급,Economic
랜드로버 올 뉴 디펜더  수소연료전지차로 거듭난다,Economic
금리인상 경고에도 끄떡없는 집값   부동산 시장엔 영향 안 클 것 ,Economic
   억 로또  래미안 원베일리   년 실거주 의무 없다,Economic
서울 외곽지역 아파트값 상승 주도  재건축 오름세는 주춤,Economic
 친환경 꿀팁 전수  배민  외식업 친환경 교육  그린 클래스  개최,Economic
 셀럽이 찾는 상권    아쿠아팻랜드 힙플레이스 될까 ,Economic
연내 부산 재개발 재건축  만    가구 쏟아진다,Economic
LH   월부터 서울 인천 등  만 가구 분양아파트 쏟아낸다,Economic
미코    억 규모 자사주 취득 신탁계약 체결,Economic
전국 철거공사  올스톱  국토부  안전점검부터 ,Economic
쿠팡플레이        코파아메리카  중계,Economic
 실외기 공간걱정 끝  캐리어에어컨  가정용 시스템에어컨 선봬,Economic
중국만 없으면  LG엔솔 세계  위,Economic
취업자 중 절반이  초단시간 근로자 ,Economic
월가 스타 번스타인  비트코인은 거품  원유가 가장 저평가 ,Economic
 시트콤  만드는 녀석들  반응 뜨겁다    제작지원 PPL 물밀듯,Economic
당근마켓 벼룩시장 네이버   지역밀착사업  쟁탈전 시작됐다,Economic
LH  하반기 분양주택  만가구 공급 수도권     이상,Economic
커머스 다시 합치는 카카오  이번엔 다를까   네이버 쿠팡에  도전장 ,Economic
 정부 비판한 광주 자영업자  카드수수료 내려 되레 손해  현장클릭 ,Economic
 별내역 트리플역세권 상업시설이 온다  휴밸나인 라비뉴   월 분양 예정,Economic
가짜 전입 부양  과천지식정보타운 부정청약    명  인당 부당이득   억원  추정,Economic
비트코인  만달러선 회복,Economic
SK바이오팜     억 규모 의약품 공급계약,Economic
에스엠  NCT 공연재개 자회사 상장 기대감에 급등세,Economic
전매제한 실거주의무 재당첨제한 미적용 옥정신도시  양주 옥정 라피네트 더 테라스  분양,Economic
BTS  하이브  시총   조 돌파,Economic
주거 중심축으로 떠오르는 태평로 일대   힐스테이트 대구역 퍼스트  분양,Economic
한화건설  오시리아 메디타운  신축사업 수주,Economic
 월부터 전기요금 할인 절반 깎는다    만가구     원 인상,Economic
국산 백신 임상 참여자     명 수도권       재단  지원 시 인센티브 제공 ,Economic
 평지에만 지어져도 귀한 몸  부산서 통하는 청약성공 공식,Economic
금융중심지 여의도에  라포르테 블랑 여의도    월 중 분양 나선다,Economic
SK바이오팜     억원 규모   수출용 의약품 공급 계약,Economic
홈술로 늘어난 와인병  재활용 골칫덩이,Economic
기지개 켠 조선업   해상풍력 시장  수혜 는 ,Economic
하나금융투자  카카오뱅크 계좌 만들면 축하금 지급,Economic
 최저임금  만원으로 인상시 일자리 최대   만 천개  ,Economic
손실보상 의무화 한 나라 한 곳도 없는데    시행령에 산식 넣는다,Economic
구현모  디지코 KT  질주 와중에 집안싸움  시끌 ,Economic
LG전자  미국 주도  G 연합 의장사 됐다,Economic
쌍용차 첫 전기차  코란도 이모션    월 유럽부터 출시,Economic
철강 조선 후판  줄다리기  인상 가능성 키우는 요인 셋,Economic
 정말 오늘이 최저가   카카오 무섭게 뛴다 장중 네이버 넘어 시총  위 등극,Economic
 비트코인  지금은  머스크 변심에 한때     만원까지  껑충 ,Economic
 팩트체크  디지털세   기업에 세금 폭탄   조세피난처  절세기업만 추가과세,Economic
DB   카카오 콘텐츠 사업 확대 기대 목표가   만원 제시 ,Economic
 금리인상 초읽기  빚 많은 서민들 어쩌나,Economic
국세청  연     억 매출 넷플릭스에    억대 세금 추징,Economic
코로나 신규 확진    명 이틀 연속    명대,Economic
기아  플래그십 세단  더 뉴 K   출시     만     만원,Economic
MG손해보험      억원 증자 나서    RBC비율 올린다 ,Economic
 자회사 성장 모멘텀   액면분할  등에 엎고 주가 비상하는 카카오,Economic
지아이이노베이션  면역항암제  GI      미 FDA 임상 계획 승인,Economic
골드만삭스 전기차 배터리에 꾸준한 관심 최근 코발트 거래 늘려,Economic
이스타 인수전 참여로 동전  탈출    쌍방울  주일새     급등,Economic
 박영국의 디스  대통령 한마디에 해고자 받은 쌍용차  이번엔 해고 압박,Economic
업비트  가상자산 거래대금 하루 새 반 토막,Economic
신규 확진    명 이르면 오늘      만명 접종,Economic
카카오  네이버 제쳤다 장중 코스피 시총    조   위로,Economic
코로나   백신 호재  수익형부동산 관심 증가,Economic
LG엔솔    제외 세계 전기차 시장서  위  삼성 SK도 고성장,Economic
코스맥스  유상증자 확정발행가액   만    원,Economic
파주운정가구단지에  시몬스 맨션  오픈  수도권 고객 접근성 용이 ,Economic
지주사의 귀환 하반기 키맞추기 장세서  저평가 꼬리표 뗀다 ,Economic
참사 주변 건물 해체계획서도  부실 엉터리 ,Economic
 당근러들 초비상  택배비 인상에 분주해진 편의점 언박싱 ,Economic
코스피   증시 최고가 행진에 소폭 올라 쌍방울그룹  급등세,Economic
택배노조 파업 지속 일부 지역 배송 지연 등 파업 영향 확산,Economic
JP모건 CEO 제이미 다이먼  인플레 지속될 것 ,Economic
코스톤아시아  엘이티 투자  년 만에  엑시트  본격화 하나 ,Economic
마산해양신도시  번째 민간투자 공모에  개사 관심,Economic
JT저축   예금 금리     p 인상,Economic
 친절한 경제  실수로 잘못 보낸 돈    가 찾아드립니다,Economic
    도 온라인 장보기 마켓컬리      대 신규 가입      ,Economic
후오비코리아   후오비토큰  거래종료  자산손실 최소화할 것 ,Economic
LG엔솔    제외 글로벌 전기차 배터리  위,Economic
 세입자가 집을 안 보여줍니다  속타는 집주인들,Economic
JT저축은행  비대면 정기예금 금리 인상  최대 연       ,Economic
 금리   p 올라도 집값은    하락 그쳐 ,Economic
 예방효과        노바백스  영국  천만회 코백스   억회 계약,Economic
 연금 용돈 받으세요    신한은행   급여클럽  리뉴얼 오픈,Economic
온라인서 장보는       마켓컬리 가입자      늘었다,Economic
롯데리아 감자튀김에 무슨 일이   언박싱 ,Economic
현대제철  강관 제품 가격 체계 개선 착수,Economic
라면 너마저  모든 지표가 한쪽을 가리킨다,Economic
쌍용차  자구안 발판으로 첫 전기차  코란도 이모션  양산,Economic
  식기세척 스타트업  뽀득  더현대 서울과 손 잡고 친환경 다회용기 제공,Economic
 코로나 시대의 수학여행  에어부산  무착륙 학습비행  인기몰이,Economic
현대차 아산공장  반도체 부족으로 내일 또 휴업,Economic
 핫이슈 키워드  일본의 일방적 취소 이번에는 글씨체 인천 연수을 재검표 정경심 아들 혼내는 녹음파일 근로장려금 일괄 지급,Economic
신한카드  메타버스 활용연구 나서,Economic
제주항공  카톡 선물하기  국내선 비즈니스석 기프티켓  출시 할인,Economic
코스피  미 증시 훈풍에     선   개인 나홀로 매수,Economic
주휴수당 못 받는  초단시간 근로자  역대 최다,Economic
업비트 거래대금 급감 코인 제거 유의 종목 대거 지정 영향,Economic
카카오뱅크에서  하나금융투자  주식 계좌 개설한다,Economic
이번엔  하얀 난닝구 가 맥주로  곰표 말표에 이어  백양  맥주 나온다,Economic
한국타이어  아우디 전기스포츠카  e 트론 GT 에 타이어 공급,Economic
HN  여주 썬앤빌 더 시그니처  최고 경쟁률   대  ,Economic
 워킹맘 증가 코로나   백신 접종    학교 붙어있는  리얼 학세권  아파트 관심 ,Economic
