,0,category
0,윤석열 측   대선 버스 탑승  시사  친이준석  잠룡들도 속속 채비,Politics
1,송영길 내일 대표연설 데뷔 이준석 태풍 맞설 쇄신책 내놓나,Politics
2, 단독    생계형 구분 없이   아파트 임대사업자  신규 등록 허용 검토,Politics
3, 문재인 정부의 대북 통일정책은 실패했다 ,Politics
4,이재명  흥행  묘기로 약 팔던 시대 끝나   도  원칙 중요 ,Politics
5,이재명  공수처   만 골라 면죄부 주려는 것 아닌가  종합 ,Politics
6,거대양당  침묵  차별금지법 논의되나 이재명 윤석열 입장도 관심,Politics
7,당정  주  시간제 전면시행  예정대로  추가 지원방안은 고민,Politics
8, ET  야호  사라진 빨간 날  돌아온다  월   일 쉬나 ,Politics
9,이준석  윤석열  막판에 뿅  안된다   측   대표 시간표와 상충 안될 것 ,Politics
10, 잠룡들  경선연기 충돌  가짜약 팔기  vs  이대론 비관적 ,Politics
11, 능라도 영상  참사  주 진상 못 밝히는 외교부,Politics
12,이준석  부동산 전수조사  에 맡겨   잘 모르겠다  김재원 조수진에 이어 김기현도 견제,Politics
13,유승민  계파 논쟁 어이 없었다 이준석과 더는 엮지 말길 ,Politics
14, 차별금지법  즉답 피한 이재명  윤석열 답한 다음에 ,Politics
15,이재명  약장수 가짜 약 팔던 시대 지나   경선 연기 갈등 종합 ,Politics
16,이재명  서울서 대세몰이 지지세력 몰려  이재명  연호,Politics
17,외연 넓혔던 김종인  창조적 파괴 나선 이준석  어서 대선 치렀으면 ,Politics
18,대선정국 시동   민주당  DJ 정신 계승  vs 국민의힘  윤석열과  밀당 ,Politics
19, 추미애 나오면 땡큐     대권 등판 환영하는 국민의힘,Politics
20, 영상  오세훈 노형욱 손 잡았다   알고 보니  동상이몽 ,Economic
21,철광석 t당    달러 다시 돌파  철강재 가격 추가 인상 예고,Economic
22,신차 효과  톡톡  국산차는 현대차 기아 독무대,Economic
23, CEO워치 물러나는 박찬구  확 바뀌는 금호석화,Economic
24,글로벌 인재전쟁  한국이 안 보인다,Economic
25, 상경투쟁  택배노조     명 몰렸다 오뚜기 GS   등 발동동,Economic
26, 반도체 쇼티지  여파  현대차 기아  생산차질  만대 넘었다,Economic
27,권혁홍 대양그룹 회장 빨리빨리 경영 으로   년 장수기업 일구다,Economic
28,산은도  계속 도울것  응원 두산  가스 풍력터빈에 승부수,Economic
29,차 정유화학 유통 급성장   실적 모멘텀은  피크아웃 ,Economic
30,쌍방울  이스타항공  홀로 탑승  성정과  쩐의 전쟁 ,Economic
31,AI 스타트업 총출동 하자 장외시장  은둔 고수  떴다,Economic
32, 하반기 다시 성장  시간 올 것 반도체 전기차가 상승 이끈다 ,Economic
33,은행은 외면했는데 틈새 파고든 네이버  반 년 만에     억 ,Economic
34,금통위  매파  떴다 연내 금리 인상 초읽기,Economic
35, MK 추천매물  송파구 역세권 대로변 근생 빌딩    억원,Economic
36,삼성D 노조    일 쟁의위 출범 예고 삼성 사상 첫 파업 돌입하나,Economic
37, IPO 대어  크래프톤  공모주 중복청약 막차 탔다 증권신고서 제출,Economic
38,에루샤의 두 얼굴 한국선 없다더니 중국엔 버젓이,Economic
39, 복지몰 상품이 당근마켓에서도 판매돼  미개봉 무선청소기 논란,Social
40, 진아림 갑질 폭로에 청부폭력  결국 고소전 돌입,Social
41,여자화장실 따라 들어간   대  영장 기각 이틀만에 또  ,Social
42,이재명  김대중 전 대통령의 정신 이어가겠다 ,Social
43,부정 채용 의혹 성남시  이번엔 간부공무원 신상보고 논란,Social
44,오세훈 시장 조직개편안 서울시의회 통과    갈등 불씨는 여전  종합 ,Social
45,     만 명 접종 조기 달성    집단면역 앞당길 것 ,Social
46,전남서 코로나   확진자  명 발생 광주는   명  종합 ,Social
47, 영상 마포 오피스텔  감금살인    대  명 구속  도주 우려  종합 ,Social
48, 붕괴 참사  관련 조폭 출신 전     단체 회장 해외 도피 왜 ,Social
49,   윗선 허락에도 이규원  불법 출금  면책 안돼  종합 ,Social
50,부천 수녀원서 탯줄도 안 떨어진 신생아 버려진 채 발견,Social
51,아내 상습폭행 공기총 협박한   대  항소심서  집유 ,Social
52,대구시  K  종전부지 개발 박차,Social
53, 일자리   만개 사라진다  맞불에     공포 마케팅 ,Social
54,이첩 없이 수사 개시  검 공 또 충돌 조짐,Social
55,박형준  부산 다대소각장  복합문화시설 호텔로 ,Social
56,대학 위기에 뭉치는 교수들 교육부  대학교원 지원팀  신설,Social
57,생면부지 부녀자 흉기 위협  납치하려던   대 숨진 채 발견,Social
58,내일 전국 낮 기온   도 내외 새벽까지 남부지방 제주도 비,Social
59, 기고   무대공포증  얼굴이 붉어지고 가슴이 두근거리는 이유는 ,Culture
60,자동차   주   시간 완화 하이브리드  세제지원 연장 필요 ,Culture
61,김용익 건보공단 이사장  파업 풀어야만 단식 중단     비정규직 제로  뒤늦은 한탄,Culture
62,  년 된 씨앗의 싹을 보고 깨달았다  나도 아직 할일이 있다고  Guideposts ,Culture
63,신형 그랜저  블박  좋아지고 벤츠 C클래스  OLED 로 본다,Culture
64,내일 새벽까지 남부지방 제주도 비 낮 기온   도 내외,Culture
65,  대 민방위  년차 얀센 백신 맞아보니    하루 지나고 가벼운 몸살기만 ,Culture
66,국세청  연     억 매출 넷플릭스에    억대 세금 추징,Culture
67, 퇴근길 날씨  남부 동해안 내일까지 비 오락가락 더위 다시 이어져,Culture
68,수입상용차  국내 새모델 줄지어 출시  시장 경쟁 치열 ,Culture
69, 배 터지게  먹어도 배 안 터지는 이유 밝혀졌다,Culture
70,잇몸 통해 균 감염   심장병 환자  이 질환  주의,Culture
71,정부   이산화탄소 잡아내 활용  기술개발 박차  연간     억원 투자 ,Culture
72,코로나   백신 접종 간격 줄여도 문제없을까,Culture
73,벤츠 E클래스  시동 문제  원인 찾았다  전량 무상 수리 실시 결정,Culture
74,재활용 섬유 패션이 선택한 착한 길,Culture
75,이대로만 나온다면 쌍용차가 이 갈고 만든다는 신차,Culture
76,재규어랜드로버   디펜더  수소전기차 개발  올해 말 시험주행 투입,Culture
77, 나를 반평생 홀린 벼루  이게 바로 신의 작품  이근배 시인,Culture
78,반려동물 상속 내 새끼를 부탁해 ,Culture
79, 영상  결국 집까지 집어삼킨 멕시코 거대 싱크홀   지름만    m,World
80,미얀마 군부 포위작전에   생후  일  난민촌 아기 감기로 목숨 잃어,World
81,중국  나토에  우리는 방어적 중국위협론 과장 말라  종합 ,World
82, 탈북 유명인  박연미  채식 못해 힘들다는 미국인  자유 가치 몰라 ,World
83,월가 거물  금리인상 생각보다 빨라질것 ,World
84, 벗겨진 하의 쓰지 않은 콘돔  미궁 빠진   대   사망 원인 단서는 OO ,World
85,서방세계 중국 압박 직후인데      항모전단 남중국해 진입,World
86,커지는 미 인플레 우려 JP모건 CEO  현금 보유 늘렸다 ,World
87,푸틴  살인자 규정에 웃자 바이든  저도 웃지요 ,World
88,물에 빠진 동생 구한 미   살 소년 숨진 채 발견,World
89,월가 거물들  인플레에 베팅,World
90, 주인 혼자 보낼 수 없어요  구급차 따라 뛴 반려견,World
91,  대 도축업자  예뻐서 먹었다   식인  고백    뼛조각     개 발견돼 충격,World
92,NATO   은 국제질서에 대한 구조적 도전 함께 맞설 것 ,World
93, 영상  순식간에 땅속으로  푹  차 집어삼킨 싱크홀,World
94,멕시코    m  괴물 싱크홀  결국 집까지 삼켰다,World
95,자전거로 뒤쫓아와 흉기로 푹 대낮 뉴욕 한복판서 당했다  영상 ,World
96,아파트 복도서 소변 본 남자애 엄마는 안치우고 외면  공분  영상 ,World
97,OO 먹인 후 욕조로 다섯 자녀 살해한   대    전 남편 연인 때문 ,World
98, 뉴스큐   세상의 중심은 바로 나      G  정상회의 기념사진 속 비밀은 ,World
99,휴대폰 사업 접는 LG 베스트샵에서 아이폰 판매 준비 중 ,IT
100,반도체 부족 여파 갤럭시S   FE 공개 미뤄지나,IT
101, 우리도 헬멧 규제 풀어달라  이준석  노헬멧 에 킥보드 반색,IT
102, 백신 생산기지 로   콕 찍은 큐어백  K바이오  일낼까,IT
103,한국은  코로케이션 데이터센터  천국 자리 다툼 치열해진다,IT
104,정부  탄소중립 실현 위해 CCU 기술에 대규모 투자,IT
105,스마트워치시장 도전장 내민 페북  아이티라떼 ,IT
106,AI로 AI용 데이터 만들어 삼성전자 현대차 카카오 거래,IT
107, DD 퇴근길   더내라   못준다  콘텐츠 사용료 분쟁 점입가경,IT
108,박정호  SKT 신설법인   년간  조 투자   순자산   조 목표 ,IT
109,주문 넘치는 DB하이텍  현대차와  차량용 반도체  협력 필요할까,IT
110,  년뒤 이산화탄소로 만든 제품 나온다,IT
111,  년만에 따블  네이버  지분투자 중국판우버 상장에 차익 기대,IT
112,국세청  넷플릭스    억 세금 추징      억 벌고 세금은   억 ,IT
113, D 임장  가상도시로 출근 직방의  비대면 부동산  실험은 성공할까 ,IT
114, 단독 마지막 LG폰  벨벳  프로      대  줍줍  임직원  만명 몰렸다,IT
115,부동산 중개 뛰어든  직방     밥그릇 뺏기 vs 기회 확대 ,IT
116,      고효율  양자점 태양전지  개발 성공,IT
117,직방  파격적인 온라인 부동산 서비스 개시    가상공간으로 아파트까지 매매,IT
118, 넘버스 이베이 인수 앞선 신세계  고개 드는  혈맹의 덫 ,IT
